GeoUID,name,Listings
1001101,"Division No.  1, Subd. V (SNO)",1
1001105,Portugal Cove South (T),2
1001113,Trepassey (T),8
1001124,"Division No.  1, Subd. U (SNO)",36
1001126,Cape Broyle (T),2
1001131,Renews-Cappahayden (T),5
1001140,Port Kirwan (T),1
1001149,Ferryland (T),8
1001155,"Division No.  1, Subd. W (SNO)",5
1001169,St. Vincent's-St. Stephen's-Peter's River (T),2
1001174,Gaskiers-Point La Haye (T),4
1001178,St. Mary's (T),11
1001181,Riverhead (T),1
1001197,Mount Carmel-Mitchells Brook-St. Catherine's (T),5
1001203,"Division No.  1, Subd. X (SNO)",1
1001219,Branch (T),4
1001228,St. Bride's (T),1
1001234,"Division No.  1, Subd. B (SNO)",1
1001240,Placentia (T),4
1001259,"Division No.  1, Subd. A (SNO)",5
1001270,Arnold's Cove (T),4
1001274,Come By Chance (T),1
1001277,Sunnyside (T),5
1001281,Chance Cove (T),1
1001285,Norman's Cove-Long Cove (T),5
1001289,Chapel Arm (T),2
1001293,"Division No.  1, Subd. Y (SNO)",5
1001298,Whitbourne (T),5
1001304,"Division No.  1, Subd. E (SNO)",14
1001308,Whiteway (T),8
1001312,Heart's Delight-Islington (T),1
1001321,"Division No.  1, Subd. F (SNO)",1
1001325,Heart's Content (T),1
1001328,New Perlican (T),1
1001332,Winterton (T),1
1001335,Hant's Harbour (T),3
1001339,"Division No.  1, Subd. G (SNO)",10
1001347,Bay de Verde (T),1
1001352,Small Point-Adam's Cove-Blackhead-Broad Cove (T),3
1001357,"Division No.  1, Subd. H (SNO)",3
1001361,Salmon Cove (T),3
1001365,Victoria (T),1
1001370,Carbonear (T),10
1001374,"Division No.  1, Subd. I (SNO)",1
1001379,Harbour Grace (T),14
1001385,Upper Island Cove (T),5
1001396,Spaniard's Bay (T),6
1001405,"Division No.  1, Subd. K (SNO)",1
1001409,Bay Roberts (T),6
1001415,"Division No.  1, Subd. L (SNO)",7
1001421,"Division No.  1, Subd. M (SNO)",2
1001429,Clarke's Beach (T),7
1001434,South River (T),2
1001437,Cupids (T),3
1001441,"Division No.  1, Subd. N (SNO)",3
1001446,Brigus (T),10
1001452,"Division No.  1, Subd. O (SNO)",1
1001456,Colliers (T),1
1001461,Conception Harbour (T),4
1001464,Avondale (T),7
1001469,Harbour Main-Chapel's Cove-Lakeview (T),5
1001472,Holyrood (T),8
1001485,Conception Bay South (T),22
1001490,"Division No.  1, Subd. R (SNO)",3
1001494,Wabana (T),2
1001504,Portugal Cove-St. Philip's (T),14
1001505,Pouch Cove (T),9
1001507,Flatrock (T),3
1001509,Torbay (T),10
1001511,Logy Bay-Middle Cove-Outer Cove (T),4
1001512,Bauline (T),1
1001517,Paradise (T),24
1001519,St. John's (CY),813
1001542,Mount Pearl (CY),22
1001551,Petty Harbour-Maddox Cove (T),12
1001557,Bay Bulls (T),9
1001559,Witless Bay (T),7
1001565,"Division No.  1, Subd. D (SNO)",1
1002005,Burin (T),9
1002008,St. Lawrence (T),7
1002018,Fortune (T),1
1002019,Grand Bank (T),6
1002023,Winterland (T),2
1002024,Marystown (T),5
1002029,"Division No.  2, Subd. J (SNO)",1
1002036,Terrenceville (T),2
1002048,"Division No.  2, Subd. K (SNO)",1
1003002,Rencontre East (T),1
1003012,Gaultois (T),1
1003021,"Division No.  3, Subd. E (SNO)",1
1003026,Ramea (T),2
1003031,"Division No.  3, Subd. H (SNO)",4
1003034,Channel-Port aux Basques (T),11
1003045,Rose Blanche-Harbour le Cou (T),1
1003801,Samiajij Miawpukek (IRI),2
1004001,"Division No.  4, Subd. A (SNO)",14
1004006,"Division No.  4, Subd. B (SNO)",5
1004013,St. George's (T),1
1004016,"Division No.  4, Subd. D (SNO)",1
1004019,Stephenville (T),20
1004020,Kippens (T),7
1004033,Cape St. George (T),1
1005001,"Division No.  5, Subd. A (SNO)",5
1005004,Deer Lake (T),50
1005005,Jackson's Arm (T),2
1005007,"Division No.  5, Subd. E (SNO)",2
1005009,Reidville (T),11
1005010,"Division No.  5, Subd. F (SNO)",38
1005011,Steady Brook (T),3
1005012,Pasadena (T),14
1005014,Cormack (T),12
1005015,Gillams (T),1
1005017,Massey Drive (T),8
1005018,Corner Brook (CY),42
1005020,Humber Arm South (T),3
1005023,Cox's Cove (T),1
1005024,Lark Harbour (T),1
1005025,Meadows (T),3
1005030,Irishtown-Summerside (T),1
1005035,York Harbour (T),2
1006001,"Division No.  6, Subd. D (SNO)",4
1006003,Norris Arm (T),2
1006009,Gander (T),16
1006014,"Division No.  6, Subd. C (SNO)",5
1006017,Grand Falls-Windsor (T),34
1006019,Bishop's Falls (T),5
1006021,Peterview (T),2
1006022,Botwood (T),9
1006026,Badger (T),3
1007001,"Division No.  7, Subd. M (SNO)",11
1007006,"Division No.  7, Subd. L (SNO)",1
1007009,"Division No.  7, Subd. K (SNO)",4
1007013,Clarenville (T),29
1007014,"Division No.  7, Subd. J (SNO)",19
1007015,Trinity (Trinity Bay) (T),22
1007016,Port Rexton (T),7
1007020,Elliston (T),12
1007022,Trinity Bay North (T),7
1007023,Bonavista (T),52
1007024,"Division No.  7, Subd. G (SNO)",7
1007026,Duntara (T),1
1007028,"Division No.  7, Subd. F (SNO)",8
1007031,"Division No.  7, Subd. E (SNO)",9
1007032,Musgravetown (T),6
1007036,Port Blandford (T),12
1007037,Traytown (T),2
1007038,"Division No.  7, Subd. D (SNO)",5
1007039,Sandy Cove (T),5
1007040,Terra Nova (T),1
1007041,Happy Adventure (T),3
1007042,Eastport (T),6
1007044,Glovertown (T),14
1007045,"Division No.  7, Subd. N (SNO)",2
1007046,Salvage (T),1
1007047,Gambo (T),3
1007049,Hare Bay (T),1
1007050,Centreville-Wareham-Trinity (T),1
1007054,Greenspond (T),8
1007060,New-Wes-Valley (T),1
1008001,"Division No.  8, Subd. M (SNO)",1
1008004,Lumsden (T),7
1008008,"Division No.  8, Subd. L (SNO)",1
1008011,Carmanville (T),1
1008024,Change Islands (T),5
1008026,"Division No.  8, Subd. I (SNO)",1
1008029,Crow Head (T),12
1008031,"Division No.  8, Subd. H (SNO)",10
1008032,Cottlesville (T),3
1008033,Summerford (T),3
1008035,Twillingate (T),30
1008036,"Division No.  8, Subd. G (SNO)",6
1008037,Campbellton (T),1
1008038,Birchy Bay (T),2
1008040,Baytona (T),1
1008042,"Division No.  8, Subd. F (SNO)",2
1008043,Embree (T),1
1008044,Lewisporte (T),9
1008046,"Division No.  8, Subd. E (SNO)",1
1008049,Point Leamington (T),4
1008058,"Division No.  8, Subd. C (SNO)",1
1008061,Springdale (T),7
1008064,Little Bay Islands (T),1
1008065,"Division No.  8, Subd. P (SNO)",1
1008069,King's Point (T),4
1008071,Burlington (T),8
1008072,Middle Arm (T),1
1008074,"Division No.  8, Subd. A (SNO)",3
1008075,Fleur de Lys (T),1
1008076,LaScie (T),2
1008079,Baie Verte (T),1
1008093,Westport (T),1
1008099,Fogo Island (T),34
1009004,Englee (T),1
1009008,Conche (T),1
1009009,"Division No.  9, Subd. A (SNO)",29
1009010,Trout River (T),9
1009011,"Woody Point, Bonne Bay (T)",18
1009012,Norris Point (T),12
1009013,Rocky Harbour (T),68
1009015,Daniel's Harbour (T),2
1009016,Cow Head (T),5
1009017,Parson's Pond (T),3
1009021,"Division No.  9, Subd. C (SNO)",4
1009022,Port au Choix (T),1
1009028,Main Brook (T),3
1009029,St. Anthony (T),6
1009030,Glenburnie-Birchy Head-Shoal Brook (T),17
1009031,"Division No.  9, Subd. D (SNO)",5
1009032,St. Lunaire-Griquet (T),2
1009034,Cook's Harbour (T),1
1009035,Raleigh (T),10
1009037,Sally's Cove (T),3
1009039,Goose Cove East (T),1
1010001,"Division No. 10, Subd. A (SNO)",1
1010002,L'Anse au Loup (T),3
1010004,L'Anse-au-Clair (T),1
1010008,"Division No. 10, Subd. B (SNO)",1
1010020,"Division No. 10, Subd. C (SNO)",1
1010022,North West River (T),2
1010025,Happy Valley-Goose Bay (T),7
1010029,"Division No. 10, Subd. D (SNO)",1
1010032,Labrador City (T),6
1010034,Wabush (T),1
1101001,Lot 64 (LOT),15
1101002,Murray Harbour (COM),3
1101004,Murray River (COM),2
1101006,Lot 63 (LOT),5
1101008,Lot 61 (LOT),12
1101009,Lot 59 (LOT),11
1101014,Lot 51 (LOT),1
1101016,Lot 52 (LOT),5
1101018,Montague (T),4
1101019,Lot 53 (LOT),12
1101021,Cardigan (COM),10
1101022,"Kings, Royalty (LOT)",26
1101024,Georgetown (T),9
1101026,Lot 54 (LOT),1
1101028,Lot 55 (LOT),2
1101029,Lot 56 (LOT),5
1101031,Lot 43 (LOT),22
1101032,Lot 44 (LOT),14
1101034,Lot 45 (LOT),6
1101036,Souris (T),9
1101038,Lot 46 (LOT),22
1101039,Lot 47 (LOT),16
1101041,Lot 42 (LOT),3
1101042,Lot 41 (LOT),14
1101044,St. Peters Bay (COM),2
1101046,Lot 40 (LOT),7
1101048,Morell (COM),1
1101049,Lot 39 (LOT),25
1101051,Lot 38 (LOT),9
1102001,Lot 62 (LOT),18
1102004,Lot 60 (LOT),8
1102006,Lot 58 (LOT),17
1102008,Lot 57 (LOT),33
1102009,Lot 50 (LOT),15
1102012,Lot 49 (LOT),16
1102014,Lot 48 (LOT),14
1102026,Lot 31 (LOT),4
1102028,Lot 65 (LOT),40
1102029,Lot 30 (LOT),28
1102031,Lot 29 (LOT),19
1102032,Victoria (COM),6
1102033,Meadowbank (COM),14
1102034,Crapaud (COM),2
1102036,Lot 67 (LOT),6
1102037,Clyde River (COM),3
1102038,Lot 20 (LOT),50
1102039,Lot 21 (LOT),105
1102040,Miltonvale Park (COM),1
1102041,Lot 22 (LOT),21
1102042,Lot 23 (LOT),19
1102043,Hunter River (COM),1
1102044,Lot 24 (LOT),53
1102045,Resort Mun. Stan.B.-Hope R.-Bayv.-Cavend.-N.Rust. (COM),78
1102046,North Rustico (COM),32
1102048,Brackley (COM),1
1102049,Lot 33 (LOT),78
1102050,Union Road (COM),1
1102051,Breadalbane (COM),2
1102052,Lot 34 (LOT),77
1102054,Lot 35 (LOT),54
1102056,Lot 36 (LOT),7
1102058,Lot 37 (LOT),9
1102059,Mount Stewart (COM),1
1102070,Warren Grove (COM),3
1102075,Charlottetown (CY),506
1102080,Stratford (T),110
1102085,Cornwall (T),22
1103001,Lot 28 (LOT),44
1103005,Borden-Carleton (T),6
1103006,Lot 27 (LOT),13
1103009,Lot 26 (LOT),27
1103011,Lot 25 (LOT),5
1103012,Lot 19 (LOT),18
1103014,Kensington (T),12
1103015,Bedeque and Area (COM),5
1103016,Lot 18 (LOT),62
1103018,Sherbrooke (COM),1
1103019,Lot 17 (LOT),6
1103023,Linkletter (COM),3
1103025,Summerside (CY),43
1103026,Lot 15 (LOT),28
1103028,Lot 16 (LOT),9
1103029,Wellington (COM),2
1103031,Lot 14 (LOT),3
1103032,Lot 13 (LOT),4
1103034,Lot 12 (LOT),4
1103036,Lot 11 (LOT),2
1103038,Lot 10 (LOT),1
1103041,Lot  6 (LOT),1
1103042,O'Leary (COM),1
1103044,Lot  9 (LOT),3
1103046,Lot  8 (LOT),6
1103048,Lot  7 (LOT),3
1103049,Lot  5 (LOT),24
1103051,Lot  4 (LOT),3
1103052,Alberton (T),1
1103054,Lot  3 (LOT),3
1103056,Lot  2 (LOT),7
1103058,Lot  1 (LOT),4
1103059,Tignish (COM),5
1201001,Barrington (MD),16
1201004,Clark's Harbour (T),4
1201006,Shelburne (MD),29
1201008,Shelburne (T),5
1201009,Lockeport (T),3
1202001,Argyle (MD),31
1202004,Yarmouth (MD),35
1202006,Yarmouth (T),35
1203001,Clare (MD),47
1203004,Digby (MD),64
1203006,Digby (T),22
1204010,Queens (RGM),96
1205001,"Annapolis, Subd. D (SC)",16
1205004,"Annapolis, Subd. A (SC)",91
1205008,Annapolis Royal (T),15
1205009,"Annapolis, Subd. B (SC)",18
1205014,"Annapolis, Subd. C (SC)",16
1205016,Middleton (T),5
1206001,Lunenburg (MD),219
1206004,Bridgewater (T),11
1206006,Lunenburg (T),98
1206008,Mahone Bay (T),32
1206009,Chester (MD),129
1207001,"Kings, Subd. A (SC)",51
1207004,Berwick (T),2
1207011,"Kings, Subd. C (SC)",11
1207012,Kentville (T),15
1207016,"Kings, Subd. B (SC)",55
1207021,"Kings, Subd. D (SC)",43
1207024,Wolfville (T),79
1208001,West Hants (MD),39
1208002,Windsor (T),4
1208008,East Hants (MD),49
1209019,Cole Harbour 30 (IRI),2
1209034,Halifax (RGM),1993
1210001,"Colchester, Subd. C (SC)",8
1210002,Stewiacke (T),4
1210006,Truro (T),15
1210008,"Colchester, Subd. B (SC)",55
1210012,"Colchester, Subd. A (SC)",29
1211001,"Cumberland, Subd. A (SC)",27
1211002,Parrsboro (T),13
1211006,"Cumberland, Subd. B (SC)",20
1211009,"Cumberland, Subd. C (SC)",27
1211011,Amherst (T),3
1211012,Oxford (T),2
1211014,"Cumberland, Subd. D (SC)",57
1212001,"Pictou, Subd. A (SC)",43
1212004,Pictou (T),6
1212006,"Pictou, Subd. B (SC)",7
1212008,Westville (T),1
1212009,Stellarton (T),1
1212011,"Pictou, Subd. C (SC)",27
1212014,New Glasgow (T),23
1213001,St. Mary's (MD),9
1213004,Guysborough (MD),39
1214001,"Antigonish, Subd. A (SC)",64
1214002,Antigonish (T),97
1214006,"Antigonish, Subd. B (SC)",32
1215001,"Inverness, Subd. C (SC)",29
1215002,Port Hawkesbury (T),11
1215006,"Inverness, Subd. B (SC)",108
1215011,"Inverness, Subd. A (SC)",190
1216001,"Richmond, Subd. C (SC)",22
1216006,"Richmond, Subd. A (SC)",19
1216011,"Richmond, Subd. B (SC)",22
1217030,Cape Breton (RGM),184
1218001,"Victoria, Subd. B (SC)",118
1218006,"Victoria, Subd. A (SC)",137
1301001,Saint Martins (P),10
1301002,St. Martins (VL),22
1301004,Simonds (P),3
1301006,Saint John (C),141
1301016,Musquash (P),3
1302001,Grand Manan (P),4
1302004,Campobello Island (RCR),6
1302006,West Isles (P),6
1302008,Lepreau (P),2
1302011,Pennfield (P),8
1302012,Blacks Harbour (VL),3
1302016,Saint George (P),9
1302018,St. George (TV),2
1302021,Saint Patrick (P),11
1302024,Saint Andrews (P),9
1302026,Saint Andrews (TV),54
1302028,Saint Croix (P),2
1302031,Dufferin (P),5
1302034,Saint Stephen (P),1
1302037,St. Stephen (TV),17
1302042,Saint David (P),5
1302052,Grand Manan (VL),50
1303001,Blissville (P),1
1303008,Lincoln (P),9
1303011,Burton (P),3
1303012,Oromocto (TV),4
1303014,Sheffield (P),1
1303016,Maugerville (P),2
1304005,Gagetown (VL),7
1304008,Wickham (P),2
1304011,Cambridge (P),5
1304013,Cambridge-Narrows (VL),4
1304016,Brunswick (P),1
1304018,Waterborough (P),3
1304021,Canning (P),7
1304022,Minto (VL),3
1304025,Chipman (VL),2
1305006,Hampton (P),10
1305007,Hampton (TV),6
1305008,Rothesay (P),1
1305011,Westfield (P),10
1305014,Kingston (P),7
1305015,Grand Bay-Westfield (TV),3
1305016,Norton (P),2
1305021,Sussex (P),2
1305022,Sussex (TV),5
1305023,Sussex Corner (VL),1
1305024,Waterford (P),6
1305026,Cardwell (P),3
1305028,Havelock (P),1
1305031,Studholm (P),2
1305034,Springfield (P),10
1305038,Greenwich (P),2
1305045,Rothesay (TV),15
1305057,Quispamsis (TV),12
1306001,Hopewell (P),12
1306003,Riverside-Albert (VL),7
1306004,Harvey (P),11
1306006,Alma (VL),14
1306008,Elgin (P),2
1306011,Hillsborough (P),11
1306020,Riverview (TV),20
1306025,Hillsborough (VL),6
1307001,Westmorland (P),2
1307002,Port Elgin (VL),4
1307004,Botsford (P),20
1307005,Beaubassin East (RCR),59
1307007,Cap-Pelé (VL),16
1307008,Sackville (P),2
1307009,Sackville (TV),26
1307012,Dorchester (VL),10
1307013,Memramcook (VL),4
1307016,Shediac (P),64
1307019,Moncton (P),7
1307022,Moncton (C),298
1307024,Salisbury (P),5
1307028,Salisbury (VL),3
1307045,Dieppe (C),56
1307052,Shediac (TV),51
1308001,Dundas (P),35
1308002,Cocagne (RCR),25
1308004,Wellington (P),16
1308005,Bouctouche (TV),6
1308006,Saint Mary (P),2
1308014,Weldford (P),9
1308016,Richibucto (P),10
1308017,Rexton (VL),10
1308018,Richibucto (TV),2
1308021,Saint-Louis (P),4
1308022,Saint-Louis de Kent (VL),3
1308026,Carleton (P),5
1309001,Hardwicke (P),3
1309004,Glenelg (P),5
1309006,Chatham (P),2
1309014,Nelson (P),4
1309018,Blackville (P),4
1309019,Blackville (VL),8
1309021,Blissfield (P),9
1309022,Doaktown (VL),7
1309026,Southesk (P),2
1309027,Upper Miramichi (RCR),5
1309028,Northesk (P),3
1309031,Newcastle (P),3
1309036,Alnwick (P),11
1309038,Neguac (VL),1
1309050,Miramichi (C),25
1310002,New Maryland (VL),4
1310004,Manners Sutton (P),9
1310005,Harvey (VL),1
1310006,McAdam (VL),1
1310008,North Lake (P),3
1310011,Canterbury (P),4
1310014,Dumfries (P),1
1310017,Hanwell (RCR),1
1310018,Kingsclear (P),7
1310021,Queensbury (P),11
1310024,Southampton (P),2
1310025,Millville (VL),1
1310026,Bright (P),10
1310028,Douglas (P),5
1310031,Saint Marys (P),7
1310032,Fredericton (C),189
1310036,Stanley (P),1
1310037,Stanley (VL),1
1310054,Nackawic (TV),2
1311004,Woodstock (P),4
1311006,Woodstock (TV),1
1311008,Northampton (P),10
1311011,Brighton (P),1
1311012,Hartland (TV),3
1311014,Wakefield (P),4
1311018,Wilmot (P),2
1311021,Simonds (P),2
1311026,Aberdeen (P),3
1311027,Florenceville-Bristol (TV),1
1311028,Kent (P),1
1311031,Wicklow (P),2
1312001,Andover (P),1
1312004,Perth (P),2
1312006,Perth-Andover (VL),1
1312007,Tobique 20 (IRI),1
1312008,Gordon (P),4
1312009,Plaster Rock (VL),1
1312011,Lorne (P),3
1312016,Grand Falls (P),1
1312019,Grand Falls (TV),4
1312021,Drummond (P),1
1312023,Drummond (VL),1
1313022,Saint-Joseph (P),3
1313024,Saint-Jacques (P),4
1313027,Edmundston (C),22
1313037,Lac Baker (VL),1
1313041,Saint-François (P),1
1314001,Durham (P),2
1314003,Colborne (P),3
1314004,Charlo (VL),3
1314006,Balmoral (VL),1
1314008,Dalhousie (P),4
1314012,Addington (P),2
1314013,Atholville (VL),2
1314014,Campbellton (C),6
1314015,Tide Head (VL),2
1314017,Dalhousie (TV),16
1314020,Kedgwick (RCR),2
1314021,Saint-Quentin (P),4
1315002,Tracadie (RGM),22
1315011,Bathurst (C),30
1315012,Beresford (P),10
1315013,Pointe-Verte (VL),5
1315014,Petit-Rocher (VL),8
1315015,Beresford (TV),7
1315016,New Bandon (P),3
1315017,Saint-Léolin (VL),1
1315019,Paquetville (P),1
1315024,Inkerman (P),3
1315027,Bas-Caraquet (VL),2
1315028,Caraquet (TV),30
1315029,Shippagan (P),35
1315031,Shippagan (TV),6
1315032,Lamèque (TV),4
1315033,Sainte-Marie-Saint-Raphaël (VL),9
1315036,Bertrand (VL),3
1315038,Grande-Anse (VL),3
1315040,Maisonnette (VL),6
2401023,Les Îles-de-la-Madeleine (Mï¿½),84
2401042,Grosse-Île (Mï¿½),15
2402005,Percé (V),47
2402010,Sainte-Thérèse-de-Gaspé (Mï¿½),14
2402015,Grande-Rivière (V),3
2402028,Chandler (V),24
2402047,Port-Daniel--Gascons (Mï¿½),7
2403005,Gaspé (V),82
2403010,Cloridorme (CT),9
2403015,Petite-Vallée (Mï¿½),6
2403020,Grande-Vallée (Mï¿½),4
2403025,Murdochville (V),16
2404005,Sainte-Madeleine-de-la-Rivière-Madeleine (Mï¿½),12
2404010,Saint-Maxime-du-Mont-Louis (Mï¿½),6
2404015,Mont-Saint-Pierre (VL),5
2404020,Rivière-à-Claude (Mï¿½),1
2404025,Marsoui (VL),4
2404030,La Martre (Mï¿½),4
2404037,Sainte-Anne-des-Monts (V),51
2404047,Cap-Chat (V),41
2404902,Mont-Albert (NO),2
2405010,Shigawake (Mï¿½),1
2405015,Saint-Godefroi (CT),1
2405020,Hope Town (Mï¿½),2
2405032,Paspébiac (V),1
2405040,New Carlisle (Mï¿½),2
2405045,Bonaventure (V),26
2405050,Saint-Elzéar (Mï¿½),1
2405055,Saint-Siméon (PE),11
2405060,Caplan (Mï¿½),6
2405070,New Richmond (V),21
2405077,Cascapédia--Saint-Jules (Mï¿½),3
2405902,Rivière-Bonaventure (NO),6
2406005,Maria (Mï¿½),13
2406013,Carleton-sur-Mer (V),50
2406020,Nouvelle (Mï¿½),17
2406025,Escuminac (Mï¿½),4
2406045,Matapédia (Mï¿½),8
2406050,Saint-Alexis-de-Matapédia (Mï¿½),2
2407010,Sainte-Florence (Mï¿½),1
2407018,Causapscal (V),2
2407035,Saint-Zénon-du-Lac-Humqui (PE),1
2407040,Sainte-Irène (PE),5
2407047,Amqui (V),8
2407080,Val-Brillant (Mï¿½),3
2407085,Sayabec (Mï¿½),8
2408005,Les Méchins (Mï¿½),2
2408015,Grosses-Roches (Mï¿½),1
2408023,Sainte-Félicité (Mï¿½),6
2408035,Saint-René-de-Matane (Mï¿½),2
2408040,Sainte-Paule (Mï¿½),2
2408053,Matane (V),23
2408073,Saint-Ulric (Mï¿½),11
2408080,Baie-des-Sables (Mï¿½),1
2408902,Rivière-Bonjour (NO),1
2409010,Saint-Charles-Garnier (PE),3
2409015,Les Hauteurs (Mï¿½),1
2409020,Sainte-Jeanne-d'Arc (PE),1
2409025,Saint-Gabriel-de-Rimouski (Mï¿½),4
2409030,Saint-Donat (PE),8
2409035,Sainte-Angèle-de-Mérici (Mï¿½),1
2409048,Métis-sur-Mer (V),15
2409060,Grand-Métis (Mï¿½),2
2409077,Mont-Joli (V),5
2409085,Sainte-Flavie (PE),15
2409092,Sainte-Luce (Mï¿½),24
2410005,Esprit-Saint (Mï¿½),1
2410010,La Trinité-des-Monts (PE),1
2410015,Saint-Narcisse-de-Rimouski (PE),5
2410025,Saint-Marcellin (PE),2
2410030,Saint-Anaclet-de-Lessard (PE),1
2410043,Rimouski (V),179
2410060,Saint-Valérien (PE),2
2410070,Saint-Fabien (PE),19
2410075,Saint-Eugène-de-Ladrière (PE),4
2411005,Saint-Clément (PE),5
2411010,Saint-Jean-de-Dieu (Mï¿½),1
2411035,Saint-Éloi (PE),2
2411040,Trois-Pistoles (V),7
2411045,Notre-Dame-des-Neiges (Mï¿½),12
2411050,Saint-Mathieu-de-Rioux (PE),13
2411055,Saint-Simon (PE),5
2412010,Saint-Hubert-de-Rivière-du-Loup (Mï¿½),4
2412015,Saint-Antonin (Mï¿½),7
2412020,Saint-Modeste (Mï¿½),5
2412035,Saint-Paul-de-la-Croix (PE),3
2412043,L'Isle-Verte (Mï¿½),11
2412045,Notre-Dame-des-Sept-Douleurs (PE),5
2412057,Cacouna (Mï¿½),4
2412065,Saint-Arsène (PE),1
2412072,Rivière-du-Loup (V),29
2412080,Notre-Dame-du-Portage (Mï¿½),9
2413005,Dégelis (V),2
2413020,Saint-Marc-du-Lac-Long (PE),4
2413025,Rivière-Bleue (Mï¿½),1
2413040,Saint-Juste-du-Lac (Mï¿½),1
2413045,Auclair (Mï¿½),2
2413055,Biencourt (Mï¿½),2
2413073,Témiscouata-sur-le-Lac (V),17
2413080,Saint-Louis-du-Ha! Ha! (PE),2
2413095,Pohénégamook (V),17
2413100,Saint-Athanase (Mï¿½),4
2414005,Mont-Carmel (Mï¿½),3
2414018,Saint-Pascal (V),3
2414025,Sainte-Hélène-de-Kamouraska (Mï¿½),1
2414030,Saint-Joseph-de-Kamouraska (PE),1
2414035,Saint-Alexandre-de-Kamouraska (Mï¿½),3
2414040,Saint-André (Mï¿½),5
2414045,Saint-Germain (PE),10
2414050,Kamouraska (Mï¿½),14
2414055,Saint-Denis-De La Bouteillerie (Mï¿½),4
2414065,Rivière-Ouelle (Mï¿½),2
2414070,Saint-Pacôme (Mï¿½),2
2414075,Saint-Gabriel-Lalemant (Mï¿½),2
2414080,Saint-Onésime-d'Ixworth (Mï¿½),2
2414085,La Pocatière (V),7
2414090,Sainte-Anne-de-la-Pocatière (PE),2
2415005,Saint-Irénée (PE),44
2415013,La Malbaie (V),157
2415025,Notre-Dame-des-Monts (Mï¿½),9
2415030,Saint-Aimé-des-Lacs (Mï¿½),34
2415035,Clermont (V),9
2415058,Saint-Siméon (Mï¿½),12
2415065,Baie-Sainte-Catherine (Mï¿½),22
2415902,Mont-Élie (NO),1
2415904,Sagard (NO),1
2416005,Petite-Rivière-Saint-François (Mï¿½),230
2416013,Baie-Saint-Paul (V),152
2416023,L'Isle-aux-Coudres (Mï¿½),15
2416048,Les Éboulements (Mï¿½),59
2416050,Saint-Hilarion (PE),11
2416055,Saint-Urbain (PE),9
2417020,Saint-Marcel (Mï¿½),2
2417035,Tourville (Mï¿½),1
2417045,Saint-Cyrille-de-Lessard (PE),4
2417055,Saint-Aubert (Mï¿½),5
2417065,Saint-Roch-des-Aulnaies (PE),11
2417070,Saint-Jean-Port-Joli (Mï¿½),30
2417078,L'Islet (Mï¿½),21
2418005,Saint-Just-de-Bretenières (Mï¿½),1
2418010,Lac-Frontière (Mï¿½),1
2418015,Saint-Fabien-de-Panet (PE),1
2418025,Sainte-Apolline-de-Patton (PE),1
2418030,Saint-Paul-de-Montminy (Mï¿½),5
2418035,Sainte-Euphémie-sur-Rivière-du-Sud (Mï¿½),1
2418040,Notre-Dame-du-Rosaire (Mï¿½),1
2418045,Cap-Saint-Ignace (Mï¿½),1
2418050,Montmagny (V),2
2418065,Berthier-sur-Mer (Mï¿½),6
2418070,Saint-Antoine-de-l'Isle-aux-Grues (PE),2
2419005,Saint-Philémon (PE),13
2419010,Notre-Dame-Auxiliatrice-de-Buckland (PE),7
2419015,Saint-Nazaire-de-Dorchester (PE),1
2419020,Saint-Léon-de-Standon (PE),2
2419025,Saint-Malachie (PE),6
2419030,Saint-Damien-de-Buckland (PE),3
2419037,Armagh (Mï¿½),1
2419055,Sainte-Claire (Mï¿½),1
2419062,Saint-Anselme (Mï¿½),2
2419068,Saint-Henri (Mï¿½),3
2419075,Saint-Gervais (Mï¿½),1
2419082,Saint-Raphaël (Mï¿½),2
2419090,La Durantaye (PE),2
2419097,Saint-Charles-de-Bellechasse (Mï¿½),4
2419105,Beaumont (Mï¿½),4
2419110,Saint-Michel-de-Bellechasse (Mï¿½),15
2419117,Saint-Vallier (Mï¿½),6
2420005,Saint-François-de-l'Île-d'Orléans (Mï¿½),9
2420010,Sainte-Famille (PE),9
2420015,Saint-Jean-de-l'Île-d'Orléans (Mï¿½),24
2420020,Saint-Laurent-de-l'Île-d'Orléans (Mï¿½),15
2420025,Saint-Pierre-de-l'Île-d'Orléans (Mï¿½),13
2420030,Sainte-Pétronille (VL),5
2421005,Saint-Tite-des-Caps (Mï¿½),21
2421010,Saint-Ferréol-les-Neiges (Mï¿½),148
2421020,Saint-Joachim (PE),15
2421025,Beaupré (V),134
2421030,Sainte-Anne-de-Beaupré (V),15
2421035,Château-Richer (V),29
2421040,L'Ange-Gardien (Mï¿½),23
2421045,Boischatel (Mï¿½),15
2422005,Sainte-Catherine-de-la-Jacques-Cartier (V),8
2422010,Fossambault-sur-le-Lac (V),9
2422015,Lac-Saint-Joseph (V),2
2422020,Shannon (Mï¿½),11
2422025,Saint-Gabriel-de-Valcartier (Mï¿½),31
2422030,Lac-Delage (V),11
2422035,Stoneham-et-Tewkesbury (CU),216
2422040,Lac-Beauport (Mï¿½),68
2422045,Sainte-Brigitte-de-Laval (V),44
2423015,Notre-Dame-des-Anges (PE),3
2423027,Québec (V),3587
2423057,L'Ancienne-Lorette (V),20
2423072,Saint-Augustin-de-Desmaures (V),36
2423802,Wendake (IRI),9
2425213,Lévis (V),401
2426005,Frampton (Mï¿½),10
2426010,Saints-Anges (PE),3
2426015,Vallée-Jonction (Mï¿½),3
2426022,Saint-Elzéar (Mï¿½),5
2426030,Sainte-Marie (V),6
2426048,Scott (Mï¿½),9
2426055,Saint-Bernard (Mï¿½),3
2426063,Saint-Isidore (Mï¿½),1
2426070,Saint-Lambert-de-Lauzon (Mï¿½),3
2427008,Saint-Victor (Mï¿½),1
2427015,Saint-Alfred (Mï¿½),1
2427028,Beauceville (V),5
2427043,Saint-Joseph-de-Beauce (V),1
2427050,Saint-Joseph-des-Érables (Mï¿½),1
2428005,Saint-Zacharie (Mï¿½),1
2428015,Sainte-Aurélie (Mï¿½),5
2428020,Saint-Prosper (Mï¿½),2
2428025,Saint-Benjamin (Mï¿½),1
2428030,Sainte-Rose-de-Watford (Mï¿½),2
2428040,Saint-Cyprien (PE),1
2428053,Lac-Etchemin (Mï¿½),14
2428060,Saint-Luc-de-Bellechasse (Mï¿½),3
2428070,Saint-Camille-de-Lellis (PE),1
2428075,Saint-Magloire (Mï¿½),2
2429005,Saint-Théophile (Mï¿½),1
2429013,Saint-Gédéon-de-Beauce (Mï¿½),1
2429025,Saint-Évariste-de-Forsyth (Mï¿½),2
2429045,Saint-Martin (PE),1
2429050,Saint-René (PE),1
2429057,Saint-Côme--Linière (Mï¿½),3
2429065,Saint-Philibert (Mï¿½),2
2429073,Saint-Georges (V),31
2429095,Lac-Poulin (VL),1
2429120,Notre-Dame-des-Pins (PE),1
2430005,Saint-Augustin-de-Woburn (PE),2
2430010,Notre-Dame-des-Bois (Mï¿½),18
2430015,Val-Racine (Mï¿½),12
2430020,Piopolis (Mï¿½),11
2430025,Frontenac (Mï¿½),6
2430030,Lac-Mégantic (V),20
2430035,Marston (CT),5
2430050,Sainte-Cécile-de-Whitton (Mï¿½),3
2430055,Audet (Mï¿½),1
2430080,Lac-Drolet (Mï¿½),7
2430085,Saint-Sébastien (Mï¿½),6
2430095,Lambton (Mï¿½),10
2430100,Saint-Romain (Mï¿½),7
2430110,Stratford (CT),11
2431008,Beaulac-Garthby (Mï¿½),7
2431015,Disraeli (V),2
2431020,Disraeli (PE),8
2431025,Saint-Jacques-le-Majeur-de-Wolfestown (PE),2
2431035,Saint-Julien (Mï¿½),1
2431040,Irlande (Mï¿½),10
2431045,Saint-Joseph-de-Coleraine (Mï¿½),6
2431050,Sainte-Praxède (PE),2
2431056,Adstock (Mï¿½),15
2431060,Sainte-Clotilde-de-Beauce (Mï¿½),2
2431084,Thetford Mines (V),49
2431095,Saint-Adrien-d'Irlande (Mï¿½),1
2431100,Saint-Jean-de-Brébeuf (Mï¿½),1
2431105,Kinnear's Mills (Mï¿½),2
2431122,East Broughton (Mï¿½),2
2431135,Saint-Pierre-de-Broughton (Mï¿½),2
2432013,Saint-Ferdinand (Mï¿½),8
2432023,Sainte-Sophie-d'Halifax (Mï¿½),2
2432033,Princeville (V),4
2432040,Plessisville (V),4
2432045,Plessisville (PE),2
2432050,Saint-Pierre-Baptiste (PE),3
2432058,Inverness (Mï¿½),3
2432065,Lyster (Mï¿½),2
2432072,Laurierville (Mï¿½),1
2432080,Notre-Dame-de-Lourdes (PE),1
2433007,Saint-Sylvestre (Mï¿½),11
2433025,Saint-Patrice-de-Beaurivage (Mï¿½),2
2433035,Saint-Gilles (PE),1
2433040,Dosquet (Mï¿½),6
2433065,Saint-Janvier-de-Joly (Mï¿½),5
2433090,Saint-Apollinaire (Mï¿½),5
2433095,Saint-Antoine-de-Tilly (Mï¿½),6
2433102,Sainte-Croix (Mï¿½),10
2433115,Lotbinière (Mï¿½),3
2433123,Leclercville (Mï¿½),4
2434007,Neuville (V),7
2434017,Pont-Rouge (V),3
2434025,Donnacona (V),6
2434030,Cap-Santé (V),4
2434038,Saint-Basile (V),2
2434048,Portneuf (V),11
2434058,Deschambault-Grondines (Mï¿½),8
2434060,Saint-Gilbert (PE),1
2434065,Saint-Marc-des-Carrières (V),6
2434078,Saint-Casimir (Mï¿½),4
2434090,Saint-Ubalde (Mï¿½),7
2434097,Saint-Alban (Mï¿½),3
2434105,Sainte-Christine-d'Auvergne (Mï¿½),4
2434115,Saint-Léonard-de-Portneuf (Mï¿½),9
2434120,Lac-Sergent (V),7
2434128,Saint-Raymond (V),33
2434135,Rivière-à-Pierre (Mï¿½),5
2435005,Notre-Dame-de-Montauban (Mï¿½),12
2435010,Lac-aux-Sables (PE),17
2435015,Saint-Adelphe (PE),2
2435027,Saint-Tite (V),18
2435035,Hérouxville (PE),4
2435040,Grandes-Piles (VL),15
2435045,Saint-Roch-de-Mékinac (PE),9
2435050,Sainte-Thècle (Mï¿½),16
2435055,Trois-Rives (Mï¿½),11
2435904,Lac-Normand (NO),1
2436033,Shawinigan (V),194
2437067,Trois-Rivières (V),257
2437205,Sainte-Anne-de-la-Pérade (Mï¿½),4
2437210,Batiscan (Mï¿½),4
2437220,Champlain (Mï¿½),7
2437230,Saint-Maurice (PE),5
2437235,Notre-Dame-du-Mont-Carmel (PE),4
2437240,Saint-Narcisse (PE),2
2437245,Saint-Stanislas (Mï¿½),1
2438010,Bécancour (V),8
2438015,Sainte-Marie-de-Blandford (Mï¿½),1
2438028,Manseau (Mï¿½),1
2438047,Fortierville (Mï¿½),1
2438065,Saint-Pierre-les-Becquets (Mï¿½),1
2438070,Deschaillons-sur-Saint-Laurent (Mï¿½),3
2439010,Ham-Nord (CT),3
2439015,Notre-Dame-de-Ham (Mï¿½),2
2439020,Saint-Rémi-de-Tingwick (Mï¿½),5
2439025,Tingwick (Mï¿½),10
2439030,Chesterville (Mï¿½),11
2439060,Saint-Christophe-d'Arthabaska (PE),6
2439062,Victoriaville (V),57
2439077,Warwick (V),9
2439097,Kingsey Falls (V),1
2439117,Sainte-Clotilde-de-Horton (Mï¿½),3
2439130,Saint-Samuel (Mï¿½),4
2439135,Saint-Valère (Mï¿½),2
2439145,Saint-Rosaire (PE),2
2439170,Saint-Louis-de-Blandford (Mï¿½),7
2440005,Ham-Sud (Mï¿½),4
2440010,Saint-Adrien (Mï¿½),7
2440017,Wotton (Mï¿½),2
2440025,Saint-Camille (CT),4
2440032,Saint-Georges-de-Windsor (Mï¿½),3
2440043,Asbestos (V),6
2440047,Danville (V),6
2441020,Chartierville (Mï¿½),3
2441027,La Patrie (Mï¿½),7
2441037,Newport (Mï¿½),2
2441038,Cookshire-Eaton (V),11
2441055,Ascot Corner (Mï¿½),4
2441070,Bury (Mï¿½),1
2441075,Hampden (CT),4
2441080,Scotstown (V),3
2441085,Lingwick (CT),6
2441098,Weedon (Mï¿½),19
2441117,Dudswell (Mï¿½),10
2442005,Stoke (Mï¿½),2
2442020,Saint-François-Xavier-de-Brompton (Mï¿½),4
2442025,Saint-Denis-de-Brompton (Mï¿½),19
2442032,Racine (Mï¿½),10
2442040,Bonsecours (Mï¿½),3
2442045,Lawrenceville (VL),3
2442050,Sainte-Anne-de-la-Rochelle (Mï¿½),1
2442055,Valcourt (V),3
2442060,Valcourt (CT),3
2442065,Maricourt (Mï¿½),4
2442075,Melbourne (CT),7
2442078,Ulverton (Mï¿½),1
2442088,Windsor (V),1
2442098,Richmond (V),2
2442100,Saint-Claude (Mï¿½),2
2442110,Cleveland (CT),3
2443027,Sherbrooke (V),299
2444003,Saint-Malo (Mï¿½),1
2444010,East Hereford (Mï¿½),3
2444015,Saint-Herménégilde (Mï¿½),11
2444023,Dixville (Mï¿½),4
2444037,Coaticook (V),36
2444045,Barnston-Ouest (Mï¿½),11
2444050,Stanstead-Est (Mï¿½),6
2444055,Sainte-Edwidge-de-Clifton (CT),2
2444071,Compton (Mï¿½),8
2444080,Waterville (V),4
2445008,Stanstead (V),30
2445020,Ogden (Mï¿½),3
2445025,Stanstead (CT),17
2445030,Potton (CT),74
2445035,Ayer's Cliff (VL),15
2445043,Hatley (Mï¿½),9
2445050,North Hatley (VL),25
2445055,Hatley (CT),21
2445060,Sainte-Catherine-de-Hatley (Mï¿½),15
2445072,Magog (V),124
2445085,Austin (Mï¿½),44
2445093,Eastman (Mï¿½),42
2445095,Bolton-Est (Mï¿½),23
2445100,Saint-Étienne-de-Bolton (Mï¿½),22
2445105,Stukely-Sud (VL),8
2445115,Orford (CT),146
2446005,Abercorn (VL),4
2446010,Frelighsburg (Mï¿½),27
2446017,Saint-Armand (Mï¿½),5
2446035,Bedford (V),1
2446040,Bedford (CT),9
2446045,Stanbridge East (Mï¿½),9
2446050,Dunham (V),43
2446058,Sutton (V),146
2446065,Bolton-Ouest (Mï¿½),15
2446070,Brome (VL),7
2446075,Lac-Brome (V),102
2446078,Bromont (V),187
2446080,Cowansville (V),9
2446085,East Farnham (Mï¿½),1
2446090,Brigham (Mï¿½),6
2446095,Saint-Ignace-de-Stanbridge (Mï¿½),1
2446112,Farnham (V),14
2447010,Saint-Alphonse-de-Granby (Mï¿½),1
2447017,Granby (V),57
2447025,Waterloo (V),8
2447030,Warden (VL),1
2447035,Shefford (CT),36
2447040,Saint-Joachim-de-Shefford (Mï¿½),10
2447047,Roxton Pond (Mï¿½),3
2448010,Roxton Falls (VL),1
2448015,Roxton (CT),16
2448020,Sainte-Christine (PE),2
2448028,Acton Vale (V),1
2448038,Upton (Mï¿½),1
2449005,Saint-Félix-de-Kingsey (Mï¿½),2
2449020,Lefebvre (Mï¿½),1
2449025,L'Avenir (Mï¿½),4
2449030,Saint-Lucien (Mï¿½),1
2449048,Saint-Germain-de-Grantham (Mï¿½),2
2449058,Drummondville (V),34
2449070,Saint-Cyrille-de-Wendover (Mï¿½),1
2449080,Notre-Dame-du-Bon-Conseil (PE),2
2449113,Saint-Guillaume (Mï¿½),1
2450023,Saint-Wenceslas (Mï¿½),2
2450030,Saint-Célestin (VL),2
2450035,Saint-Célestin (Mï¿½),2
2450072,Nicolet (V),15
2450085,La Visitation-de-Yamaska (Mï¿½),1
2450100,Baie-du-Febvre (Mï¿½),4
2450113,Pierreville (Mï¿½),2
2450128,Saint-François-du-Lac (Mï¿½),6
2450802,Odanak (IRI),2
2451008,Maskinongé (Mï¿½),1
2451015,Louiseville (V),1
2451020,Yamachiche (Mï¿½),9
2451025,Saint-Barnabé (PE),1
2451040,Sainte-Ursule (PE),3
2451045,Saint-Justin (Mï¿½),3
2451050,Saint-Édouard-de-Maskinongé (Mï¿½),3
2451055,Sainte-Angèle-de-Prémont (Mï¿½),1
2451060,Saint-Paulin (Mï¿½),7
2451065,Saint-Alexis-des-Monts (PE),39
2451070,Saint-Mathieu-du-Parc (Mï¿½),72
2451075,Saint-Élie-de-Caxton (Mï¿½),25
2451080,Charette (Mï¿½),4
2451085,Saint-Boniface (Mï¿½),7
2451090,Saint-Étienne-des-Grès (PE),8
2452007,Lavaltrie (V),1
2452017,Lanoraie (Mï¿½),3
2452035,Berthierville (V),3
2452040,Sainte-Geneviève-de-Berthier (Mï¿½),2
2452045,Saint-Ignace-de-Loyola (Mï¿½),4
2452055,Saint-Barthélemy (PE),2
2452062,Saint-Cuthbert (Mï¿½),3
2452080,Saint-Gabriel (V),16
2452085,Saint-Gabriel-de-Brandon (Mï¿½),10
2452090,Saint-Didace (PE),15
2452095,Mandeville (Mï¿½),46
2453010,Massueville (VL),1
2453032,Saint-Ours (V),2
2453040,Saint-Roch-de-Richelieu (Mï¿½),7
2453052,Sorel-Tracy (V),18
2453065,Sainte-Anne-de-Sorel (Mï¿½),2
2454008,Saint-Pie (V),1
2454017,Saint-Damase (Mï¿½),1
2454048,Saint-Hyacinthe (V),49
2454065,Saint-Valérien-de-Milton (Mï¿½),1
2454110,Saint-Jude (Mï¿½),1
2454115,Saint-Bernard-de-Michaudville (Mï¿½),1
2455015,Saint-Paul-d'Abbotsford (Mï¿½),9
2455023,Saint-Césaire (V),3
2455037,Rougemont (Mï¿½),2
2455048,Marieville (V),4
2455057,Richelieu (V),4
2455065,Saint-Mathias-sur-Richelieu (Mï¿½),2
2456005,Venise-en-Québec (Mï¿½),13
2456010,Saint-Georges-de-Clarenceville (Mï¿½),7
2456015,Noyan (Mï¿½),2
2456023,Lacolle (Mï¿½),2
2456035,Saint-Paul-de-l'Île-aux-Noix (Mï¿½),2
2456042,Henryville (Mï¿½),2
2456055,Saint-Alexandre (Mï¿½),1
2456060,Sainte-Anne-de-Sabrevois (PE),2
2456065,Saint-Blaise-sur-Richelieu (Mï¿½),2
2456083,Saint-Jean-sur-Richelieu (V),67
2456097,Mont-Saint-Grégoire (Mï¿½),6
2457005,Chambly (V),29
2457010,Carignan (V),16
2457020,Saint-Basile-le-Grand (V),6
2457025,McMasterville (Mï¿½),5
2457030,Otterburn Park (V),9
2457033,Saint-Jean-Baptiste (Mï¿½),3
2457035,Mont-Saint-Hilaire (V),28
2457040,Beloeil (V),21
2457045,Saint-Mathieu-de-Beloeil (Mï¿½),2
2457050,Saint-Marc-sur-Richelieu (Mï¿½),4
2457057,Saint-Charles-sur-Richelieu (Mï¿½),5
2457068,Saint-Denis-sur-Richelieu (Mï¿½),1
2457075,Saint-Antoine-sur-Richelieu (Mï¿½),8
2458007,Brossard (V),154
2458012,Saint-Lambert (V),30
2458033,Boucherville (V),37
2458037,Saint-Bruno-de-Montarville (V),15
2458227,Longueuil (V),478
2459010,Sainte-Julie (V),17
2459015,Saint-Amable (Mï¿½),2
2459020,Varennes (V),8
2459025,Verchères (Mï¿½),1
2459030,Calixa-Lavallée (Mï¿½),1
2459035,Contrecoeur (V),4
2460005,Charlemagne (V),5
2460013,Repentigny (V),31
2460028,L'Assomption (V),12
2460035,L'Épiphanie (V),3
2460040,L'Épiphanie (PE),1
2461005,Saint-Paul (Mï¿½),1
2461013,Crabtree (Mï¿½),10
2461025,Joliette (V),12
2461027,Saint-Thomas (Mï¿½),1
2461030,Notre-Dame-des-Prairies (V),4
2461035,Saint-Charles-Borromée (Mï¿½),17
2461040,Saint-Ambroise-de-Kildare (Mï¿½),4
2461045,Notre-Dame-de-Lourdes (Mï¿½),1
2461050,Sainte-Mélanie (Mï¿½),8
2462015,Saint-Jean-de-Matha (Mï¿½),33
2462020,Sainte-Béatrix (Mï¿½),28
2462025,Saint-Alphonse-Rodriguez (Mï¿½),30
2462030,Sainte-Marcelline-de-Kildare (Mï¿½),14
2462037,Rawdon (Mï¿½),45
2462047,Chertsey (Mï¿½),84
2462053,Entrelacs (Mï¿½),34
2462055,Notre-Dame-de-la-Merci (Mï¿½),22
2462060,Saint-Donat (Mï¿½),137
2462065,Saint-Côme (PE),66
2462070,Sainte-Émélie-de-l'Énergie (Mï¿½),21
2462075,Saint-Damien (PE),34
2462080,Saint-Zénon (Mï¿½),22
2462085,Saint-Michel-des-Saints (Mï¿½),39
2462912,Saint-Guillaume-Nord (NO),2
2463023,Saint-Alexis (Mï¿½),1
2463030,Saint-Esprit (Mï¿½),2
2463048,Saint-Lin--Laurentides (V),4
2463055,Saint-Calixte (Mï¿½),30
2463060,Sainte-Julienne (Mï¿½),9
2463065,Saint-Liguori (PE),2
2464008,Terrebonne (V),48
2464015,Mascouche (V),19
2465005,Laval (V),441
2466007,Montréal-Est (V),7
2466023,Montréal (V),20718
2466032,Westmount (V),100
2466047,Montréal-Ouest (V),15
2466058,Côte-Saint-Luc (V),72
2466062,Hampstead (V),24
2466072,Mont-Royal (V),57
2466087,Dorval (V),72
2466097,Pointe-Claire (V),65
2466102,Kirkland (V),6
2466107,Beaconsfield (V),16
2466112,Baie-D'Urfé (V),4
2466117,Sainte-Anne-de-Bellevue (V),6
2466142,Dollard-Des Ormeaux (V),51
2467010,Saint-Philippe (Mï¿½),9
2467015,La Prairie (V),29
2467020,Candiac (V),20
2467025,Delson (V),1
2467030,Sainte-Catherine (V),7
2467035,Saint-Constant (V),17
2467045,Mercier (V),4
2467050,Châteauguay (V),39
2467055,Léry (V),2
2467802,Kahnawake (IRI),3
2468005,Saint-Bernard-de-Lacolle (PE),3
2468015,Hemmingford (CT),5
2468025,Saint-Patrice-de-Sherrington (Mï¿½),1
2468035,Saint-Cyprien-de-Napierville (Mï¿½),2
2468040,Saint-Jacques-le-Mineur (Mï¿½),1
2468050,Saint-Michel (Mï¿½),1
2468055,Saint-Rémi (V),2
2469005,Havelock (CT),2
2469037,Ormstown (Mï¿½),5
2469045,Hinchinbrooke (Mï¿½),4
2469050,Elgin (Mï¿½),2
2469055,Huntingdon (V),2
2469060,Godmanchester (CT),5
2469065,Sainte-Barbe (Mï¿½),1
2469070,Saint-Anicet (Mï¿½),7
2470012,Sainte-Martine (Mï¿½),2
2470022,Beauharnois (V),4
2470040,Saint-Stanislas-de-Kostka (Mï¿½),2
2470052,Salaberry-de-Valleyfield (V),28
2471020,Saint-Polycarpe (Mï¿½),1
2471025,Saint-Zotique (Mï¿½),9
2471033,Les Coteaux (Mï¿½),3
2471040,Coteau-du-Lac (V),4
2471050,Les Cèdres (Mï¿½),3
2471055,Pointe-des-Cascades (VL),1
2471060,L'Île-Perrot (V),15
2471065,Notre-Dame-de-l'Île-Perrot (V),15
2471070,Pincourt (V),9
2471083,Vaudreuil-Dorion (V),41
2471090,Vaudreuil-sur-le-Lac (VL),1
2471100,Hudson (V),14
2471105,Saint-Lazare (V),8
2471110,Sainte-Marthe (Mï¿½),3
2471115,Sainte-Justine-de-Newton (Mï¿½),1
2471125,Très-Saint-Rédempteur (Mï¿½),1
2471133,Rigaud (V),9
2472005,Saint-Eustache (V),20
2472010,Deux-Montagnes (V),16
2472015,Sainte-Marthe-sur-le-Lac (V),4
2472020,Pointe-Calumet (Mï¿½),12
2472032,Oka (Mï¿½),6
2472043,Saint-Placide (Mï¿½),3
2473005,Boisbriand (V),19
2473010,Sainte-Thérèse (V),22
2473015,Blainville (V),34
2473020,Rosemère (V),23
2473025,Lorraine (V),3
2473030,Bois-des-Filion (V),6
2473035,Sainte-Anne-des-Plaines (V),1
2474005,Mirabel (V),31
2475005,Saint-Colomban (V),16
2475017,Saint-Jérôme (V),59
2475028,Sainte-Sophie (Mï¿½),10
2475040,Prévost (V),40
2475045,Saint-Hippolyte (Mï¿½),62
2476008,Saint-André-d'Argenteuil (Mï¿½),7
2476020,Lachute (V),11
2476025,Gore (CT),20
2476030,Mille-Isles (Mï¿½),33
2476035,Wentworth (CT),14
2476043,Brownsburg-Chatham (V),43
2476052,Grenville-sur-la-Rouge (Mï¿½),21
2476055,Grenville (VL),2
2476065,Harrington (CT),48
2477011,Estérel (V),9
2477012,Sainte-Marguerite-du-Lac-Masson (V),62
2477022,Sainte-Adèle (V),125
2477030,Piedmont (Mï¿½),44
2477035,Sainte-Anne-des-Lacs (PE),58
2477043,Saint-Sauveur (V),190
2477050,Morin-Heights (Mï¿½),77
2477055,Lac-des-Seize-Îles (Mï¿½),1
2477060,Wentworth-Nord (Mï¿½),64
2477065,Saint-Adolphe-d'Howard (Mï¿½),187
2478005,Val-Morin (Mï¿½),71
2478010,Val-David (VL),144
2478015,Lantier (Mï¿½),11
2478020,Sainte-Lucie-des-Laurentides (Mï¿½),61
2478032,Sainte-Agathe-des-Monts (V),75
2478042,Ivry-sur-le-Lac (Mï¿½),6
2478047,Saint-Faustin--Lac-Carré (Mï¿½),114
2478055,Montcalm (Mï¿½),14
2478060,Arundel (CT),11
2478065,Huberdeau (Mï¿½),7
2478070,Amherst (CT),58
2478075,Brébeuf (PE),21
2478095,Lac-Supérieur (Mï¿½),173
2478100,Val-des-Lacs (Mï¿½),43
2478102,Mont-Tremblant (V),853
2478115,La Conception (Mï¿½),55
2478120,Labelle (Mï¿½),96
2478127,Lac-Tremblant-Nord (Mï¿½),7
2478130,La Minerve (Mï¿½),32
2478802,Doncaster (IRI),1
2479005,Notre-Dame-du-Laus (Mï¿½),12
2479010,Notre-Dame-de-Pontmain (Mï¿½),6
2479015,Lac-du-Cerf (Mï¿½),2
2479022,Saint-Aimé-du-Lac-des-Îles (Mï¿½),1
2479025,Kiamika (Mï¿½),3
2479030,Nominingue (Mï¿½),37
2479037,Rivière-Rouge (V),32
2479047,La Macaza (Mï¿½),4
2479050,L'Ascension (Mï¿½),12
2479060,Lac-Saguay (VL),3
2479065,Chute-Saint-Philippe (Mï¿½),19
2479078,Lac-des-Écorces (Mï¿½),2
2479088,Mont-Laurier (V),14
2479097,Ferme-Neuve (Mï¿½),8
2479105,Lac-Saint-Paul (Mï¿½),6
2479110,Mont-Saint-Michel (Mï¿½),3
2479115,Sainte-Anne-du-Lac (Mï¿½),5
2479922,Lac-Douaire (NO),5
2480005,Fassett (Mï¿½),2
2480010,Montebello (Mï¿½),26
2480015,Notre-Dame-de-Bonsecours (Mï¿½),4
2480020,Notre-Dame-de-la-Paix (Mï¿½),4
2480027,Saint-André-Avellin (Mï¿½),12
2480037,Papineauville (Mï¿½),5
2480045,Plaisance (Mï¿½),3
2480050,Thurso (V),1
2480055,Lochaber (CT),1
2480060,Lochaber-Partie-Ouest (CT),1
2480065,Mayo (Mï¿½),3
2480070,Saint-Sixte (Mï¿½),1
2480078,Ripon (Mï¿½),11
2480085,Mulgrave-et-Derry (Mï¿½),3
2480090,Montpellier (Mï¿½),6
2480095,Lac-Simon (Mï¿½),27
2480103,Chénéville (Mï¿½),1
2480110,Namur (Mï¿½),2
2480115,Boileau (Mï¿½),6
2480125,Saint-Émile-de-Suffolk (Mï¿½),8
2480130,Lac-des-Plages (Mï¿½),24
2480135,Duhamel (Mï¿½),11
2480140,Val-des-Bois (Mï¿½),17
2480145,Bowman (Mï¿½),14
2481017,Gatineau (V),1102
2482005,L'Ange-Gardien (Mï¿½),4
2482010,Notre-Dame-de-la-Salette (Mï¿½),5
2482015,Val-des-Monts (Mï¿½),86
2482020,Cantley (Mï¿½),45
2482025,Chelsea (Mï¿½),100
2482030,Pontiac (Mï¿½),24
2482035,La Pêche (Mï¿½),126
2483005,Denholm (Mï¿½),5
2483010,Low (CT),12
2483015,Kazabazua (Mï¿½),9
2483020,Lac-Sainte-Marie (Mï¿½),41
2483032,Gracefield (V),44
2483040,Cayamant (Mï¿½),14
2483045,Blue Sea (Mï¿½),6
2483050,Bouchette (Mï¿½),10
2483055,Sainte-Thérèse-de-la-Gatineau (Mï¿½),6
2483060,Messines (Mï¿½),11
2483065,Maniwaki (V),5
2483070,Déléage (Mï¿½),3
2483088,Montcerf-Lytton (Mï¿½),3
2483090,Aumond (CT),2
2483095,Grand-Remous (Mï¿½),8
2483802,Kitigan Zibi (IRI),1
2484005,Bristol (Mï¿½),20
2484010,Shawville (Mï¿½),2
2484015,Clarendon (Mï¿½),7
2484025,Bryson (Mï¿½),1
2484030,Campbell's Bay (Mï¿½),1
2484035,L'Île-du-Grand-Calumet (Mï¿½),2
2484040,Litchfield (Mï¿½),9
2484045,Thorne (Mï¿½),3
2484050,Alleyn-et-Cawood (Mï¿½),1
2484055,Otter Lake (Mï¿½),8
2484060,Fort-Coulonge (VL),1
2484065,Mansfield-et-Pontefract (Mï¿½),11
2484070,Waltham (Mï¿½),4
2484082,L'Isle-aux-Allumettes (Mï¿½),12
2484090,Chichester (CT),1
2484095,Sheenboro (Mï¿½),4
2484100,Rapides-des-Joachims (Mï¿½),3
2484902,Lac-Nilgaut (NO),1
2485005,Témiscaming (V),3
2485010,Kipawa (Mï¿½),2
2485015,Saint-Édouard-de-Fabre (PE),1
2485025,Ville-Marie (V),11
2485030,Duhamel-Ouest (Mï¿½),10
2485037,Lorrainville (Mï¿½),1
2485055,Fugèreville (Mï¿½),1
2485080,Angliers (VL),1
2485090,Notre-Dame-du-Nord (Mï¿½),4
2485095,Guérin (CT),1
2485100,Nédélec (CT),1
2485905,Laniel (NO),3
2485907,Les Lacs-du-Témiscamingue (NO),1
2486042,Rouyn-Noranda (V),51
2487010,Rapide-Danseur (Mï¿½),1
2487025,Palmarolle (Mï¿½),3
2487035,Poularies (Mï¿½),1
2487042,Taschereau (Mï¿½),3
2487058,Macamic (V),1
2487090,La Sarre (V),4
2487100,Authier-Nord (Mï¿½),1
2488015,La Morandière (Mï¿½),1
2488022,Barraute (Mï¿½),1
2488030,La Corne (Mï¿½),2
2488035,Landrienne (CT),5
2488050,Saint-Mathieu-d'Harricana (Mï¿½),2
2488055,Amos (V),4
2488065,Saint-Dominique-du-Rosaire (Mï¿½),1
2488070,Berry (Mï¿½),1
2488075,Trécesson (CT),2
2488090,Preissac (Mï¿½),4
2489008,Val-d'Or (V),39
2489010,Rivière-Héva (Mï¿½),4
2489015,Malartic (V),3
2489040,Senneterre (V),1
2489045,Senneterre (PE),7
2490012,La Tuque (V),23
2490017,La Bostonnais (Mï¿½),5
2490027,Lac-Édouard (Mï¿½),8
2491005,Lac-Bouchette (Mï¿½),9
2491010,Saint-André-du-Lac-Saint-Jean (VL),3
2491015,Saint-François-de-Sales (Mï¿½),2
2491020,Chambord (Mï¿½),15
2491025,Roberval (V),41
2491030,Sainte-Hedwidge (Mï¿½),4
2491035,Saint-Prime (Mï¿½),10
2491042,Saint-Félicien (V),46
2491050,La Doré (PE),6
2491802,Mashteuiatsh (IRI),16
2492010,Péribonka (Mï¿½),4
2492015,Sainte-Jeanne-d'Arc (VL),1
2492022,Dolbeau-Mistassini (V),11
2492030,Albanel (Mï¿½),2
2492040,Normandin (V),2
2492045,Saint-Thomas-Didyme (Mï¿½),2
2492050,Saint-Edmond-les-Plaines (Mï¿½),1
2492055,Girardville (Mï¿½),1
2492070,Saint-Stanislas (Mï¿½),2
2492902,Passes-Dangereuses (NO),1
2492904,Rivière-Mistassini (NO),1
2493005,Desbiens (V),8
2493012,Métabetchouan--Lac-à-la-Croix (V),36
2493020,Hébertville (Mï¿½),15
2493025,Hébertville-Station (VL),2
2493030,Saint-Bruno (Mï¿½),6
2493035,Saint-Gédéon (Mï¿½),35
2493042,Alma (V),66
2493045,Saint-Nazaire (Mï¿½),2
2493060,Lamarche (Mï¿½),5
2493065,L'Ascension-de-Notre-Seigneur (PE),5
2493070,Saint-Henri-de-Taillon (Mï¿½),11
2493075,Sainte-Monique (Mï¿½),9
2494068,Saguenay (V),429
2494205,Petit-Saguenay (Mï¿½),15
2494210,L'Anse-Saint-Jean (Mï¿½),128
2494215,Rivière-Éternité (Mï¿½),6
2494220,Ferland-et-Boilleau (Mï¿½),6
2494225,Saint-Félix-d'Otis (Mï¿½),13
2494230,Sainte-Rose-du-Nord (PE),17
2494235,Saint-Fulgence (Mï¿½),14
2494240,Saint-Honoré (Mï¿½),20
2494245,Saint-David-de-Falardeau (Mï¿½),80
2494250,Bégin (Mï¿½),2
2494255,Saint-Ambroise (Mï¿½),6
2494260,Saint-Charles-de-Bourget (Mï¿½),1
2494265,Larouche (Mï¿½),18
2494930,Mont-Valin (NO),3
2495005,Tadoussac (VL),25
2495010,Sacré-Coeur (Mï¿½),29
2495018,Les Bergeronnes (Mï¿½),46
2495025,Les Escoumins (Mï¿½),13
2495032,Longue-Rive (Mï¿½),4
2495045,Forestville (V),3
2495050,Colombier (Mï¿½),3
2495802,Essipit (IRI),1
2496005,Baie-Trinité (VL),1
2496010,Godbout (VL),1
2496015,Franquelin (Mï¿½),1
2496020,Baie-Comeau (V),21
2496025,Pointe-Lebel (VL),3
2496030,Pointe-aux-Outardes (VL),4
2496040,Ragueneau (PE),2
2496902,Rivière-aux-Outardes (NO),1
2497007,Sept-Îles (V),33
2497022,Port-Cartier (V),4
2497035,Fermont (V),1
2497802,Uashat (IRI),5
2497904,Lac-Walker (NO),1
2498005,Blanc-Sablon (Mï¿½),2
2498025,Natashquan (CT),2
2498035,Baie-Johan-Beetz (Mï¿½),1
2498040,Havre-Saint-Pierre (Mï¿½),6
2498045,Longue-Pointe-de-Mingan (Mï¿½),1
2498050,Rivière-Saint-Jean (Mï¿½),1
2498055,Rivière-au-Tonnerre (Mï¿½),2
2499015,Matagami (V),1
2499020,Chapais (V),1
2499025,Chibougamau (V),4
2499060,Eeyou Istchee Baie-James (Mï¿½),4
2499095,Kuujjuaq (VN),1
2499130,Kangiqsujuaq (VN),1
3501005,South Glengarry (TP),15
3501007,Akwesasne (Part) 59 (IRI),1
3501011,South Stormont (TP),8
3501012,Cornwall (CY),23
3501020,South Dundas (MU),31
3501030,North Dundas (TP),15
3501042,North Stormont (TP),3
3501050,North Glengarry (TP),9
3502001,East Hawkesbury (TP),21
3502008,Hawkesbury (T),14
3502010,Champlain (TP),23
3502023,Alfred and Plantagenet (TP),9
3502025,The Nation (M),5
3502036,Clarence-Rockland (C),28
3502044,Casselman (VL),1
3502048,Russell (TP),6
3506008,Ottawa (CV),4190
3507004,Edwardsburgh/Cardinal (TP),12
3507006,Augusta (TP),15
3507008,Prescott (T),16
3507014,Elizabethtown-Kitley (TP),17
3507015,Brockville (CY),27
3507017,Front of Yonge (TP),4
3507021,Leeds and the Thousand Islands (TP),73
3507024,Gananoque (T),54
3507033,Westport (VL),16
3507040,Rideau Lakes (TP),115
3507042,Athens (TP),2
3507052,Merrickville-Wolford (VL),22
3507065,North Grenville (MU),25
3509001,Montague (TP),4
3509004,Smiths Falls (T),9
3509010,Drummond/North Elmsley (TP),31
3509015,Tay Valley (TP),36
3509021,Perth (T),17
3509024,Beckwith (TP),18
3509028,Carleton Place (T),16
3509030,Mississippi Mills (T),30
3509039,Lanark Highlands (TP),35
3510005,Frontenac Islands (TP),27
3510010,Kingston (CY),555
3510020,South Frontenac (TP),106
3510035,Central Frontenac (TP),65
3510045,North Frontenac (TP),79
3511005,Loyalist (TP),37
3511015,Greater Napanee (T),37
3511030,Stone Mills (TP),17
3511035,Addington Highlands (TP),20
3512001,Tyendinaga (TP),7
3512002,Deseronto (T),1
3512004,Tyendinaga Mohawk Territory (IRI),3
3512005,Belleville (CY),96
3512015,Quinte West (CY),65
3512020,Stirling-Rawdon (TP),8
3512026,Centre Hastings (MU),17
3512030,Tweed (MU),31
3512036,Madoc (TP),1
3512046,Marmora and Lake (MU),30
3512048,Tudor and Cashel (TP),10
3512051,Limerick (TP),8
3512054,Wollaston (TP),11
3512058,Faraday (TP),26
3512061,Bancroft (T),25
3512065,Carlow/Mayo (TP),9
3512076,Hastings Highlands (MU),84
3513020,Prince Edward County (CY),1061
3514004,Brighton (MU),36
3514014,Cramahe (TP),10
3514019,Hamilton (TP),28
3514020,Port Hope (MU),26
3514021,Cobourg (T),39
3514024,Alnwick/Haldimand (TP),55
3514045,Trent Hills (MU),64
3515003,Asphodel-Norwood (TP),7
3515005,Otonabee-South Monaghan (TP),37
3515013,Cavan Monaghan (TP),17
3515014,Peterborough (CY),112
3515015,Selwyn (TP),72
3515023,Douro-Dummer (TP),27
3515030,Havelock-Belmont-Methuen (TP),51
3515037,North Kawartha (TP),51
3515044,Trent Lakes (MU),141
3516010,Kawartha Lakes (CY),297
3518001,Pickering (CY),93
3518005,Ajax (T),113
3518009,Whitby (T),92
3518013,Oshawa (CY),187
3518017,Clarington (MU),92
3518020,Scugog (TP),53
3518029,Uxbridge (TP),24
3518039,Brock (TP),23
3519028,Vaughan (CY),478
3519036,Markham (CY),615
3519038,Richmond Hill (T),598
3519044,Whitchurch-Stouffville (T),49
3519046,Aurora (T),72
3519048,Newmarket (T),120
3519049,King (TP),44
3519054,East Gwillimbury (T),47
3519070,Georgina (T),138
3519076,Chippewas of Georgina Island First Nation (IRI),4
3520005,Toronto (C),21195
3521005,Mississauga (CY),1577
3521010,Brampton (CY),616
3521024,Caledon (T),86
3522001,East Garafraxa (TP),1
3522008,Amaranth (TP),9
3522010,Grand Valley (T),1
3522012,Mono (T),45
3522014,Orangeville (T),15
3522016,Mulmur (TP),24
3522019,Melancthon (TP),2
3522021,Shelburne (T),3
3523001,Puslinch (TP),15
3523008,Guelph (CY),186
3523009,Guelph/Eramosa (TP),13
3523017,Erin (T),14
3523025,Centre Wellington (TP),101
3523033,Mapleton (TP),4
3523043,Minto (T),4
3523050,Wellington North (TP),7
3524001,Oakville (T),372
3524002,Burlington (CY),182
3524009,Milton (T),127
3524015,Halton Hills (T),30
3525005,Hamilton (C),903
3526003,Fort Erie (T),207
3526011,Port Colborne (CY),83
3526014,Wainfleet (TP),26
3526021,West Lincoln (TP),20
3526028,Pelham (T),38
3526032,Welland (CY),60
3526037,Thorold (CY),41
3526043,Niagara Falls (CY),1019
3526047,Niagara-on-the-Lake (T),430
3526053,St. Catharines (CY),299
3526057,Lincoln (T),69
3526065,Grimsby (T),49
3528018,Haldimand County (CY),71
3528052,Norfolk County (CY),142
3529005,Brant (CY),37
3529006,Brantford (CY),53
3529020,Six Nations (Part) 40 (IRI),1
3530004,North Dumfries (TP),6
3530010,Cambridge (CY),69
3530013,Kitchener (CY),406
3530016,Waterloo (CY),322
3530020,Wilmot (TP),13
3530027,Wellesley (TP),5
3530035,Woolwich (TP),42
3531011,Stratford (CY),147
3531013,Perth South (TP),3
3531016,St. Marys (T),5
3531025,West Perth (MU),1
3531030,Perth East (TP),1
3531040,North Perth (MU),2
3532002,Norwich (TP),14
3532004,Tillsonburg (T),12
3532012,South-West Oxford (TP),9
3532018,Ingersoll (T),4
3532027,Zorra (TP),1
3532038,East Zorra-Tavistock (TP),4
3532042,Woodstock (CY),19
3532045,Blandford-Blenheim (TP),3
3534005,Bayham (MU),25
3534010,Malahide (TP),9
3534020,Central Elgin (MU),67
3534021,St. Thomas (CY),24
3534024,Southwold (TP),3
3534030,Dutton/Dunwich (MU),3
3534042,West Elgin (MU),3
3536020,Chatham-Kent (MU),91
3537001,Pelee (TP),17
3537003,Leamington (MU),48
3537013,Kingsville (T),31
3537016,Essex (T),34
3537028,Amherstburg (T),25
3537034,LaSalle (T),17
3537039,Windsor (CY),290
3537048,Tecumseh (T),6
3537064,Lakeshore (T),24
3538003,St. Clair (TP),13
3538004,Walpole Island 46 (IRI),1
3538007,Dawn-Euphemia (TP),3
3538015,Brooke-Alvinston (MU),3
3538016,Enniskillen (TP),4
3538019,Petrolia (T),7
3538030,Sarnia (CY),98
3538031,Point Edward (VL),5
3538035,Plympton-Wyoming (T),24
3538040,Lambton Shores (MU),184
3538043,Warwick (TP),1
3539005,Southwest Middlesex (MU),2
3539015,Strathroy-Caradoc (MU),16
3539027,Thames Centre (MU),9
3539033,Middlesex Centre (MU),19
3539036,London (CY),701
3539041,North Middlesex (MU),5
3539047,Adelaide-Metcalfe (TP),4
3539060,Lucan Biddulph (TP),1
3540005,South Huron (MU),6
3540010,Bluewater (MU),105
3540025,Central Huron (MU),30
3540028,Goderich (T),28
3540040,Huron East (MU),8
3540046,Howick (TP),5
3540050,Morris-Turnberry (MU),2
3540055,North Huron (TP),13
3540063,Ashfield-Colborne-Wawanosh (TP),37
3541004,South Bruce (MU),2
3541015,Huron-Kinloss (TP),47
3541024,Kincardine (MU),49
3541032,Brockton (MU),13
3541043,Arran-Elderslie (MU),11
3541045,Saugeen Shores (T),107
3541055,South Bruce Peninsula (T),191
3541057,Saugeen 29 (IRI),12
3541069,Northern Bruce Peninsula (MU),242
3542004,West Grey (MU),27
3542005,Southgate (TP),4
3542015,Grey Highlands (MU),158
3542029,Hanover (T),9
3542037,Chatsworth (TP),27
3542045,The Blue Mountains (T),643
3542047,Meaford (MU),74
3542053,Georgian Bluffs (TP),40
3542059,Owen Sound (CY),49
3543003,Adjala-Tosorontio (TP),22
3543005,Clearview (TP),84
3543007,New Tecumseth (T),27
3543009,Springwater (TP),41
3543014,Bradford West Gwillimbury (T),56
3543015,Severn (TP),84
3543017,Innisfil (T),199
3543019,Ramara (TP),113
3543021,Essa (TP),14
3543023,Oro-Medonte (TP),173
3543031,Collingwood (T),262
3543042,Barrie (CY),239
3543050,Mnjikaning First Nation 32 (IRI),2
3543052,Orillia (CY),48
3543064,Wasaga Beach (T),205
3543068,Tiny (TP),209
3543071,Tay (TP),55
3543072,Penetanguishene (T),29
3543074,Midland (T),41
3544002,Gravenhurst (T),172
3544018,Bracebridge (T),139
3544027,Lake of Bays (TP),158
3544042,Huntsville (T),266
3544053,Muskoka Lakes (TP),291
3544065,Georgian Bay (TP),67
3546005,Highlands East (MU),78
3546015,Minden Hills (TP),104
3546018,Algonquin Highlands (TP),116
3546024,Dysart et al (MU),150
3547002,Arnprior (T),6
3547003,McNab/Braeside (TP),12
3547008,Greater Madawaska (TP),56
3547020,"Brudenell, Lyndoch and Raglan (TP)",14
3547030,Madawaska Valley (TP),53
3547033,"Killaloe, Hagarty and Richards (TP)",13
3547035,Bonnechere Valley (TP),24
3547043,Admaston/Bromley (TP),3
3547046,Horton (TP),6
3547048,Renfrew (T),6
3547056,Whitewater Region (TP),24
3547064,Pembroke (CY),13
3547070,North Algona Wilberforce (TP),33
3547075,Laurentian Valley (TP),4
3547076,Petawawa (T),6
3547090,Laurentian Hills (T),2
3547096,Deep River (T),5
3547098,"Head, Clara and Maria (TP)",3
3548001,South Algonquin (TP),40
3548013,Papineau-Cameron (TP),13
3548019,Mattawan (TP),9
3548021,Mattawa (T),2
3548022,Calvin (MU),7
3548027,Bonfield (TP),10
3548031,Chisholm (TP),2
3548034,East Ferris (MU),9
3548044,North Bay (CY),80
3548055,West Nipissing (M),37
3548069,Temagami (MU),18
3548072,Bear Island 1 (IRI),1
3548073,Nipissing 10 (IRI),6
3548091,"Nipissing, Unorganized, South Part (NO)",11
3548094,"Nipissing, Unorganized, North Part (NO)",6
3549003,Seguin (TP),115
3549005,The Archipelago (TP),23
3549012,McMurrich/Monteith (TP),7
3549014,Perry (TP),31
3549018,Kearney (T),31
3549019,Armour (TP),19
3549022,Burk's Falls (VL),2
3549024,Ryerson (TP),7
3549028,McKellar (TP),18
3549031,McDougall (MU),14
3549032,Parry Sound (T),33
3549036,Carling (TP),30
3549039,Whitestone (MU),20
3549043,Magnetawan (MU),36
3549046,Strong (TP),18
3549048,Sundridge (VL),2
3549051,Joly (TP),4
3549054,Machar (TP),15
3549056,South River (VL),8
3549060,Powassan (MU),2
3549066,Callander (MU),3
3549071,Nipissing (TP),19
3549095,"Parry Sound, Unorganized, North East Part (NO)",3
3549096,"Parry Sound, Unorganized, Centre Part (NO)",60
3551001,Tehkummah (TP),7
3551006,Central Manitoulin (MU),49
3551011,Assiginack (TP),18
3551017,Northeastern Manitoulin and the Islands (MU),18
3551021,Billings (TP),17
3551026,Gore Bay (T),9
3551027,Gordon/Barrie Island (MU),3
3551028,Burpee and Mills (TP),4
3551040,Whitefish River (Part) 4 (IRI),3
3551042,Sheguiandah 24 (IRI),1
3551043,Wikwemikong Unceded (IRI),5
3551094,"Manitoulin, Unorganized, West Part (NO)",3
3552001,French River (M),23
3552004,St.-Charles (MU),5
3552013,Markstay-Warren (MU),4
3552023,Sables-Spanish Rivers (TP),12
3552026,Espanola (T),1
3552036,Killarney (MU),3
3552092,Chapleau (TP),11
3552093,"Sudbury, Unorganized, North Part (NO)",32
3553005,Greater Sudbury (CV),222
3553040,Wahnapitei 11 (IRI),1
3554001,Coleman (TP),1
3554006,Latchford (T),2
3554014,Harris (TP),2
3554020,Temiskaming Shores (CY),32
3554052,Englehart (T),2
3554062,Larder Lake (TP),2
3554068,Kirkland Lake (T),3
3554094,"Timiskaming, Unorganized, West Part (NO)",2
3556014,Black River-Matheson (TP),4
3556027,Timmins (CY),37
3556031,Iroquois Falls (T),5
3556042,Cochrane (T),6
3556048,Smooth Rock Falls (T),4
3556052,Fauquier-Strickland (TP),1
3556056,Moonbeam (TP),8
3556066,Kapuskasing (T),5
3556076,Hearst (T),1
3556092,"Cochrane, Unorganized, North Part (NO)",5
3556106,Moosonee (TV),2
3557001,Jocelyn (TP),1
3557004,Hilton (TP),5
3557006,Hilton Beach (VL),5
3557008,St. Joseph (TP),11
3557011,Laird (TP),4
3557014,Tarbutt and Tarbutt Additional (TP),4
3557019,Plummer Additional (TP),1
3557021,Bruce Mines (T),2
3557028,Thessalon (T),3
3557035,Huron Shores (MU),5
3557038,Blind River (T),13
3557039,Spanish (T),4
3557040,The North Shore (TP),7
3557041,Elliot Lake (CY),14
3557051,"Macdonald, Meredith and Aberdeen Additional (TP)",1
3557061,Sault Ste. Marie (CY),65
3557071,Sagamok (IRI),1
3557072,Serpent River 7 (IRI),2
3557076,Wawa (MU),3
3557079,Dubreuilville (TP),1
3557095,"Algoma, Unorganized, North Part (NO)",45
3558001,Neebing (MU),3
3558004,Thunder Bay (CY),153
3558011,Oliver Paipoonge (MU),3
3558019,Conmee (TP),1
3558028,Shuniah (MU),7
3558041,Red Rock (TP),1
3558044,Nipigon (TP),2
3558059,Marathon (T),1
3558062,Pic River 50 (IRI),3
3558066,Manitouwadge (TP),2
3558075,Greenstone (MU),7
3558090,"Thunder Bay, Unorganized (NO)",26
3559012,Fort Frances (T),5
3559031,Morley (TP),1
3559090,"Rainy River, Unorganized (NO)",17
3560008,Sioux Narrows-Nestor Falls (TP),20
3560010,Kenora (CY),40
3560021,Machin (MU),2
3560027,Dryden (CY),7
3560034,Sioux Lookout (MU),12
3560042,Red Lake (MU),1
3560090,"Kenora, Unorganized (NO)",47
4601039,Piney (RM),2
4601043,Reynolds (RM),5
4601046,Whitemouth (RM),1
4601051,Pinawa (LGD),2
4601057,Lac du Bonnet (RM),15
4601070,Buffalo Point 36 (IRI),1
4601071,Alexander (RM),31
4601078,Victoria Beach (RM),14
4601094,"Division No.  1, Unorganized (NO)",10
4602024,Emerson-Franklin (MU),1
4602032,De Salaberry (RM),5
4602037,St-Pierre-Jolys (VL),3
4602041,Hanover (RM),7
4602044,Steinbach (CY),9
4602046,Niverville (T),4
4602053,La Broquerie (RM),1
4602057,Ste. Anne (RM),5
4602061,Ste. Anne (T),1
4602069,Taché (RM),5
4602075,Ritchot (RM),6
4603030,Montcalm (RM),1
4603040,Altona (T),1
4603041,Rhineland (MU),1
4603047,Stanley (RM),2
4603050,Winkler (CY),8
4603053,Morden (CY),22
4603058,Thompson (RM),1
4603065,Morris (RM),1
4603074,Carman (T),8
4604034,Pembina (MU),1
4604040,Louise (MU),1
4604064,Lorne (MU),5
4605025,Killarney - Turtle Mountain (RM),8
4605032,Boissevain-Morton (MU),1
4605038,Deloraine-Winchester (MU),1
4605044,Brenda-Waskada (MU),1
4605071,Prairie Lakes (RM),6
4606016,Sifton (RM),4
4606031,Wallace-Woodworth (RM),4
4606034,Virden (T),2
4607039,Glenboro-South Cypress (MU),1
4607046,Oakland-Wawanesa (MU),1
4607052,Souris-Glenwood (MU),9
4607057,Whitehead (RM),2
4607060,Cornwallis (RM),4
4607062,Brandon (CY),51
4607066,North Cypress-Langford (MU),2
4607068,Carberry (T),1
4607071,Elton (RM),2
4609018,Grey (RM),2
4609024,Portage la Prairie (RM),10
4609029,Portage la Prairie (CY),17
4610035,Macdonald (RM),1
4610043,Cartier (RM),3
4610052,St. François Xavier (RM),1
4611040,Winnipeg (CY),1176
4611042,Headingley (RM),1
4612047,Springfield (RM),12
4612054,Brokenhead (RM),6
4612056,Beausejour (T),2
4613032,East St. Paul (RM),4
4613037,West St. Paul (RM),4
4613043,St. Andrews (RM),10
4613047,Selkirk (CY),2
4613049,Dunnottar (VL),20
4613056,St. Clements (RM),16
4614031,Woodlands (RM),2
4614036,Rockwood (RM),3
4615047,Ellice-Archie (RM),1
4615056,Prairie View (MU),1
4615063,Yellowhead (RM),3
4615070,Harrison Park (MU),30
4615074,Minto-Odanah (MU),1
4615075,Minnedosa (T),2
4615078,Rosedale (RM),1
4615092,Clanwilliam-Erickson (MU),9
4616020,Riding Mountain West (RM),19
4616048,Hillsburg-Roblin-Shell River (MU),5
4617041,Ste. Rose (MU),7
4617050,Dauphin (CY),5
4617075,Lakeshore (RM),3
4617092,"Division No. 17, Unorganized (NO)",5
4618031,Gimli (RM),38
4618034,Winnipeg Beach (T),7
4618040,St. Laurent (RM),4
4618044,Coldwell (RM),1
4618056,West Interlake (MU),1
4618060,Grahamdale (RM),11
4618074,Arborg (T),1
4618076,Bifrost-Riverton (MU),4
4618091,"Division No. 18, Unorganized, East Part (NO)",3
4618093,"Division No. 18, Unorganized, West Part (NO)",1
4619045,"Division No. 19, Unorganized (NO)",21
4620048,Swan River (T),4
4620051,Minitonas-Bowsman (MU),2
4620066,"Division No. 20, Unorganized, South Part (NO)",1
4621045,The Pas (T),2
4621064,Flin Flon (Part) (CY),2
4621078,"Division No. 21, Unorganized (NO)",1
4622026,Thompson (CY),11
4623056,Churchill (T),7
4701008,Carnduff (T),1
4701022,Estevan No. 5 (RM),1
4701024,Estevan (CY),5
4701032,Lampman (T),1
4701044,Storthoaks (VL),1
4701056,Carlyle (T),3
4701076,Wawken No. 93 (RM),1
4701079,Kenosee Lake (VL),5
4702018,Happy Valley No. 10 (RM),1
4702031,Radville (T),1
4702041,Macoun (VL),1
4702047,Weyburn (CY),8
4702072,Yellow Grass (T),1
4703001,Hart Butte No. 11 (RM),1
4703042,Wood River No. 74 (RM),1
4703044,Lafleche (T),5
4703048,Pinto Creek No. 75 (RM),1
4703092,Mossbank (T),1
4704021,Consul (VL),6
4704024,White Valley No. 49 (RM),2
4704026,Eastend (T),1
4704036,Shaunavon (T),1
4704045,Maple Creek No. 111 (RM),1
4704048,Maple Creek (T),3
4705004,Moosomin (T),1
4705019,Windthorst (VL),1
4705048,Langenburg (T),1
4705051,Fertile Belt No. 183 (RM),1
4705052,Esterhazy (T),1
4705057,Grayson No. 184 (RM),1
4705074,Melville (CY),2
4705093,Churchbridge No. 211 (RM),1
4706018,Briercrest (VL),1
4706026,Sherwood No. 159 (RM),2
4706027,Regina (CY),337
4706029,Edenwold No. 158 (RM),1
4706030,White City (T),3
4706031,Pilot Butte (T),1
4706036,Qu'Appelle (T),1
4706039,Indian Head (T),3
4706042,Abernethy No. 186 (RM),2
4706045,Fort San (RV),3
4706048,North Qu'Appelle No. 187 (RM),2
4706050,Katepwa (RV),5
4706051,Fort Qu'Appelle (T),2
4706052,B-Say-Tah (RV),1
4706053,Lumsden No. 189 (RM),3
4706055,Buena Vista (VL),1
4706058,Regina Beach (T),6
4706059,Dufferin No. 190 (RM),2
4706070,Longlaketon No. 219 (RM),2
4706071,McKillop No. 220 (RM),2
4706072,Saskatchewan Beach (RV),1
4706075,Kannata Valley (RV),1
4706085,Island View (RV),2
4706092,Southey (T),1
4706094,Cupar (T),1
4707016,Hodgeville (VL),1
4707022,Waldeck (VL),7
4707024,Morse No. 165 (RM),1
4707036,Caron No. 162 (RM),2
4707037,Caronport (VL),1
4707039,Moose Jaw (CY),35
4707049,Eyebrow (VL),1
4707072,Riverhurst (VL),2
4708001,Swift Current No. 137 (RM),2
4708004,Swift Current (CY),5
4708011,Gull Lake (T),3
4708029,Hazlet (VL),1
4708044,Kyle (T),2
4708048,Abbey (VL),1
4708062,Burstall (T),1
4709011,Orkney No. 244 (RM),1
4709012,Yorkton (CY),9
4709028,Theodore (VL),1
4709029,Good Lake No. 274 (RM),8
4709032,Canora (T),5
4710036,Foam Lake No. 276 (RM),2
4710038,Foam Lake (T),1
4710047,Wynyard (T),1
4710052,Prairie Rose No. 309 (RM),2
4710058,Leroy (T),4
4710068,Wadena (T),1
4711024,Hawarden (VL),1
4711026,Rudy No. 284 (RM),1
4711041,Simpson (VL),5
4711042,Wreford No. 280 (RM),1
4711053,Watrous (T),1
4711054,Manitou Beach (RV),4
4711056,Young (VL),1
4711060,Thode (RV),2
4711061,Dundurn No. 314 (RM),1
4711064,Shields (RV),1
4711065,Corman Park No. 344 (RM),7
4711066,Saskatoon (CY),544
4711067,Langham (T),1
4711068,Warman (CY),3
4711069,Blucher No. 343 (RM),1
4711070,Martensville (CY),2
4711072,Allan (T),1
4711091,Viscount No. 341 (RM),1
4711092,Viscount (VL),8
4712004,St. Andrews No. 287 (RM),1
4712006,Rosetown (T),2
4712012,Milden (VL),2
4712016,Dinsmore (VL),1
4712046,Biggar (T),2
4712054,Vanscoy No. 345 (RM),6
4712078,Battle River No. 438 (RM),2
4712079,Battleford (T),3
4713008,Kindersley (T),1
4713042,Kerrobert (T),3
4713051,Macklin (T),1
4713072,Round Valley No. 410 (RM),1
4713096,Cut Knife No. 439 (RM),1
4714001,Hudson Bay No. 394 (RM),2
4714004,Hudson Bay (T),6
4714007,Porcupine Plain (T),2
4714022,Kelvington (T),1
4714024,Rose Valley (T),1
4714034,Barrier Valley No. 397 (RM),2
4714036,Archerwill (VL),1
4714038,Bjorkdale No. 426 (RM),2
4714043,Tisdale No. 427 (RM),4
4714044,Tisdale (T),3
4714047,Star City No. 428 (RM),1
4714051,Melfort (CY),3
4714067,Moose Range No. 486 (RM),1
4714068,Tobin Lake (RV),1
4714072,Nipawin No. 487 (RM),1
4714076,Nipawin (T),3
4714077,Torch River No. 488 (RM),4
4715001,St. Peter No. 369 (RM),1
4715008,Humboldt (CY),6
4715018,Aberdeen No. 373 (RM),1
4715026,Laird No. 404 (RM),2
4715036,Fish Creek No. 402 (RM),1
4715039,Hoodoo No. 401 (RM),4
4715044,Three Lakes No. 400 (RM),1
4715048,Lake Lenore No. 399 (RM),1
4715061,Duck Lake No. 463 (RM),1
4715066,Prince Albert (CY),22
4715070,Candle Lake (RV),14
4715075,Lakeland No. 521 (RM),20
4715099,Paddockwood No. 520 (RM),9
4716011,Borden (VL),1
4716013,Blaine Lake No. 434 (RM),1
4716023,Douglas No. 436 (RM),3
4716029,North Battleford (CY),5
4716041,Leask No. 464 (RM),1
4716042,Leask (VL),1
4716043,Pebble Baye (RV),1
4716046,Shellbrook No. 493 (RM),2
4716051,Canwood No. 494 (RM),5
4716056,Spiritwood No. 496 (RM),1
4716057,Shell Lake (VL),1
4716072,Big River (T),1
4716075,Big River No. 555 (RM),12
4716077,Chitek Lake (RV),1
4717001,Meota No. 468 (RM),2
4717002,Cochin (RV),3
4717028,Britannia No. 502 (RM),4
4717029,Lloydminster (Part) (CY),8
4717034,Paradise Hill (VL),1
4717036,St. Walburg (T),1
4717045,Mervin No. 499 (RM),3
4717047,Parkdale No. 498 (RM),2
4717052,Meadow Lake (CY),1
4717056,Loon Lake No. 561 (RM),3
4717058,Loon Lake (VL),1
4717062,Beaver River No. 622 (RM),1
4717067,Pierceland (VL),3
4717807,Makwa Lake 129B (IRI),1
4718021,Green Lake (NV),1
4718041,La Ronge (T),3
4718042,Air Ronge (NV),1
4718049,Denare Beach (NV),1
4718051,Creighton (T),1
4718074,La Loche (NV),1
4718090,"Division No. 18, Unorganized (NO)",21
4801003,Cypress County (MD),8
4801006,Medicine Hat (CY),57
4801018,Redcliff (T),2
4802002,Coutts (VL),1
4802006,Warner (VL),1
4802008,Raymond (T),1
4802009,Stirling (VL),5
4802011,Lethbridge County (MD),5
4802012,Lethbridge (CY),110
4802013,Coalhurst (T),2
4802018,Picture Butte (T),4
4802019,Coaldale (T),2
4802031,Newell County (MD),7
4802034,Brooks (CY),3
4802036,Duchess (VL),1
4802039,Bassano (T),2
4803001,Cardston County (MD),38
4803002,Magrath (T),1
4803003,Improvement District No.  4 Waterton (ID),3
4803004,Cardston (T),10
4803006,Glenwood (VL),1
4803008,Hill Spring (VL),3
4803011,Pincher Creek No. 9 (MD),74
4803014,Pincher Creek (T),9
4803016,Cowley (VL),1
4803018,Willow Creek No. 26 (MD),6
4803019,Fort Macleod (T),2
4803021,Granum (T),1
4803022,Claresholm (T),8
4803024,Stavely (T),1
4803026,Nanton (T),6
4803801,Piikani 147 (IRI),3
4804004,Special Area No. 2 (SA),2
4804006,Empress (VL),1
4804011,Hanna (T),1
4804019,Youngstown (VL),1
4805001,Vulcan County (MD),5
4805012,Wheatland County (MD),19
4805018,Strathmore (T),6
4805022,Rockyford (VL),1
4805026,Drumheller (T),29
4805041,Kneehill County (MD),9
4805044,Acme (VL),1
4805046,Linden (VL),4
4805049,Trochu (T),1
4806001,Foothills No. 31 (MD),68
4806006,High River (T),8
4806009,Turner Valley (T),5
4806011,Black Diamond (T),6
4806012,Okotoks (T),26
4806014,Rocky View County (MD),106
4806016,Calgary (CY),4544
4806017,Chestermere (CY),30
4806019,Cochrane (T),79
4806021,Airdrie (CY),80
4806024,Beiseker (VL),2
4806026,Crossfield (T),4
4806028,Mountain View County (MD),15
4806029,Carstairs (T),1
4806031,Cremona (VL),4
4806032,Didsbury (T),1
4806034,Olds (T),13
4806036,Sundre (T),3
4806804,Tsuu T'ina Nation 145 (Sarcee 145) (IRI),3
4807001,Provost No. 52 (MD),1
4807011,Paintearth County No. 18 (MD),1
4807019,Stettler County No. 6 (MD),3
4807026,Stettler (T),5
4807027,White Sands (SV),2
4807028,Rochon Sands (SV),2
4807031,Flagstaff County (MD),1
4807036,Forestburg (VL),2
4807044,Sedgewick (T),4
4807048,Hardisty (T),1
4807049,Wainwright No. 61 (MD),5
4807052,Edgerton (VL),1
4807054,Wainwright (T),4
4808001,Red Deer County (MD),20
4808005,Jarvis Bay (SV),2
4808006,Bowden (T),6
4808008,Innisfail (T),6
4808009,Penhold (T),6
4808011,Red Deer (CY),187
4808012,Sylvan Lake (T),56
4808013,Norglenwold (SV),1
4808022,Lacombe County (MD),15
4808025,Half Moon Bay (SV),1
4808026,Bentley (T),2
4808027,Sunbreaker Cove (SV),1
4808028,Gull Lake (SV),2
4808029,Blackfalds (T),6
4808031,Lacombe (CY),13
4808034,Alix (VL),1
4808038,Ponoka County (MD),9
4808039,Ponoka (T),7
4808042,Parkland Beach (SV),2
4809002,Clearwater County (MD),32
4809015,Rocky Mountain House (T),13
4810001,Camrose County (MD),5
4810002,Bashaw (T),1
4810011,Camrose (CY),17
4810016,Beaver County (MD),1
4810022,Viking (T),5
4810028,Vegreville (T),1
4810034,Mannville (VL),1
4810036,Vermilion River County (MD),1
4810039,Lloydminster (Part) (CY),15
4810042,Vermilion (T),6
4810064,Lamont (T),2
4811001,Wetaskiwin County No. 10 (MD),14
4811002,Wetaskiwin (CY),1
4811006,Crystal Springs (SV),1
4811007,Norris Beach (SV),2
4811012,Leduc County (MD),23
4811013,Beaumont (T),13
4811016,Leduc (CY),30
4811018,Devon (T),3
4811031,Drayton Valley (T),4
4811032,Brazeau County (MD),1
4811034,Parkland County (MD),21
4811038,Seba Beach (SV),2
4811044,Kapasiwin (SV),1
4811048,Stony Plain (T),10
4811049,Spruce Grove (CY),21
4811052,Strathcona County (SM),73
4811056,Fort Saskatchewan (CY),40
4811059,Sturgeon County (MD),9
4811061,Edmonton (CY),2088
4811062,St. Albert (CY),38
4811064,Gibbons (T),2
4811065,Redwater (T),2
4811068,Morinville (T),4
4811069,Legal (T),1
4811804,Stony Plain 135 (IRI),1
4812002,Cold Lake (CY),16
4812004,Bonnyville No. 87 (MD),13
4812009,Bonnyville (T),8
4812014,St. Paul County No. 19 (MD),3
4812022,Smoky Lake County (MD),5
4812029,Smoky Lake (T),1
4812037,Lac la Biche County (MD),5
4813001,Lac Ste. Anne County (MD),7
4813002,Mayerthorpe (T),3
4813008,Ross Haven (SV),2
4813011,Sunset Point (SV),1
4813012,Alberta Beach (VL),3
4813018,Barrhead County No. 11 (MD),4
4813019,Barrhead (T),2
4813028,Westlock County (MD),6
4813029,Woodlands County (MD),4
4813030,Whitecourt (T),4
4813031,Westlock (T),5
4813032,Clyde (VL),1
4813036,Thorhild County (MD),3
4813044,Athabasca County (MD),1
4813045,Mewatha Beach (SV),1
4813048,Athabasca (T),1
4813049,Island Lake (SV),2
4813061,Whispering Hills (SV),2
4814003,Yellowhead County (MD),24
4814019,Hinton (T),47
4814024,Edson (T),3
4815007,Crowsnest Pass (SM),35
4815013,Kananaskis (ID),1
4815015,Bighorn No. 8 (MD),98
4815023,Canmore (T),966
4815027,Ghost Lake (SV),2
4815032,Improvement District No.  9 Banff (ID),40
4815033,Jasper (SM),74
4815035,Banff (T),86
4815037,Improvement District No. 12 Jasper Park (ID),4
4815045,Ranchland No. 66 (MD),1
4816037,Wood Buffalo (SM),95
4817021,High Prairie (T),2
4817026,Northern Sunrise County (MD),1
4817027,Big Lakes County (MD),4
4817029,Slave Lake (T),4
4817033,Lesser Slave River No.124 (MD),2
4817062,Clear Hills (MD),4
4817076,Northern Lights County (MD),1
4817093,High Level (T),2
4817095,Mackenzie County (SM),7
4817097,Rainbow Lake (T),3
4818002,Fox Creek (T),1
4818005,Grande Cache (T),4
4818015,Greenview No. 16 (MD),1
4818018,Valleyview (T),3
4819006,Grande Prairie County No. 1 (MD),8
4819012,Grande Prairie (CY),101
4819014,Sexsmith (T),2
4819038,Peace River (T),25
4819042,McLennan (T),4
4819056,Rycroft (VL),1
4819059,Saddle Hills County (MD),1
4819066,Fairview No. 136 (MD),2
4819068,Fairview (T),2
4819074,Grimshaw (T),1
5901003,Elkford (DM),3
5901006,Sparwood (DM),2
5901012,Fernie (CY),166
5901017,East Kootenay A (RDA),221
5901019,East Kootenay B (RDA),44
5901022,Cranbrook (CY),12
5901028,Kimberley (CY),106
5901035,East Kootenay C (RDA),25
5901037,East Kootenay E (RDA),20
5901039,Invermere (DM),108
5901040,Radium Hot Springs (VL),99
5901043,Canal Flats (VL),8
5901046,East Kootenay F (RDA),215
5901048,East Kootenay G (RDA),41
5901801,Tobacco Plains 2 (IRI),1
5901804,Columbia Lake 3 (IRI),1
5901806,Shuswap (IRI),7
5903004,Creston (T),7
5903010,Central Kootenay A (RDA),41
5903011,Salmo (VL),4
5903013,Central Kootenay B (RDA),7
5903015,Nelson (CY),133
5903017,Central Kootenay C (RDA),7
5903019,Slocan (VL),2
5903023,Kaslo (VL),27
5903027,Silverton (VL),6
5903032,New Denver (VL),18
5903039,Central Kootenay D (RDA),30
5903041,Central Kootenay E (RDA),100
5903043,Central Kootenay F (RDA),70
5903045,Castlegar (CY),13
5903047,Central Kootenay G (RDA),17
5903050,Nakusp (VL),8
5903052,Central Kootenay H (RDA),51
5903056,Central Kootenay I (RDA),7
5903058,Central Kootenay J (RDA),12
5903060,Central Kootenay K (RDA),19
5905005,Fruitvale (VL),2
5905014,Trail (CY),21
5905018,Warfield (VL),1
5905023,Rossland (CY),96
5905026,Kootenay Boundary A (RDA),4
5905030,Kootenay Boundary B / Lower Columbia-Old-Glory (RDA),19
5905032,Grand Forks (CY),9
5905037,Midway (VL),1
5905042,Greenwood (CY),3
5905050,Kootenay Boundary C / Christina Lake (RDA),53
5905052,Kootenay Boundary D / Rural Grand Forks (RDA),10
5905054,Kootenay Boundary E / West Boundary (RDA),335
5907005,Osoyoos (T),85
5907009,Keremeos (VL),2
5907014,Oliver (T),27
5907022,Okanagan-Similkameen A (RDA),29
5907024,Princeton (T),7
5907026,Okanagan-Similkameen B (RDA),14
5907028,Okanagan-Similkameen C (RDA),25
5907035,Summerland (DM),129
5907041,Penticton (CY),271
5907047,Okanagan-Similkameen D (RDA),83
5907049,Okanagan-Similkameen E (RDA),72
5907051,Okanagan-Similkameen F (RDA),19
5907053,Okanagan-Similkameen G (RDA),98
5907055,Okanagan-Similkameen H (RDA),17
5907802,Osoyoos 1 (IRI),34
5907803,Penticton 1 (IRI),4
5907807,Chuchuwayha 2 (IRI),2
5909009,Hope (DM),38
5909014,Fraser Valley A (RDA),6
5909016,Fraser Valley B (RDA),25
5909020,Chilliwack (CY),114
5909027,Harrison Hot Springs (VL),26
5909032,Kent (DM),28
5909034,Fraser Valley D (RDA),2
5909035,Fraser Valley H (RDA),65
5909036,Fraser Valley E (RDA),18
5909048,Fraser Valley C (RDA),31
5909052,Abbotsford (CY),140
5909056,Mission (DM),38
5909060,Fraser Valley F (RDA),1
5909062,Fraser Valley G (RDA),3
5909830,Tzeachten 13 (IRI),1
5915001,Langley (DM),181
5915002,Langley (CY),14
5915004,Surrey (CY),1036
5915007,White Rock (CY),98
5915011,Delta (DM),193
5915015,Richmond (CY),1128
5915020,Greater Vancouver A (RDA),55
5915022,Vancouver (CY),5504
5915025,Burnaby (CY),1278
5915029,New Westminster (CY),200
5915034,Coquitlam (CY),363
5915036,Belcarra (VL),2
5915038,Anmore (VL),11
5915039,Port Coquitlam (CY),77
5915043,Port Moody (CY),89
5915046,North Vancouver (DM),725
5915051,North Vancouver (CY),402
5915055,West Vancouver (DM),380
5915062,Bowen Island (IM),111
5915065,Lions Bay (VL),7
5915070,Pitt Meadows (CY),18
5915075,Maple Ridge (CY),102
5915801,Semiahmoo (IRI),3
5915802,Tsawwassen (IRI),5
5915803,Musqueam 2 (IRI),8
5915806,Burrard Inlet 3 (IRI),13
5915807,Mission 1 (IRI),3
5915808,Capilano 5 (IRI),18
5917005,North Saanich (DM),96
5917010,Sidney (T),61
5917015,Central Saanich (DM),77
5917021,Saanich (DM),704
5917027,Saltspring Island (RDA),309
5917029,Southern Gulf Islands (RDA),175
5917030,Oak Bay (DM),92
5917034,Victoria (CY),1273
5917040,Esquimalt (DM),114
5917041,Colwood (CY),65
5917042,Metchosin (DM),20
5917044,Langford (CY),213
5917047,View Royal (T),54
5917049,Highlands (DM),13
5917052,Sooke (DM),105
5917054,Juan de Fuca (Part 1) (RDA),80
5917056,Juan de Fuca (Part 2) (RDA),57
5917803,East Saanich 2 (IRI),2
5917804,South Saanich 1 (IRI),2
5917812,New Songhees 1A (IRI),5
5919008,North Cowichan (DM),147
5919012,Duncan (CY),13
5919013,Cowichan Valley D (RDA),27
5919015,Cowichan Valley G (RDA),24
5919016,Lake Cowichan (T),24
5919017,Cowichan Valley H (RDA),31
5919021,Ladysmith (T),30
5919033,Cowichan Valley F (RDA),21
5919035,Cowichan Valley I (RDA),16
5919043,Cowichan Valley A (RDA),49
5919046,Cowichan Valley B (RDA),78
5919049,Cowichan Valley C (RDA),12
5919051,Cowichan Valley E (RDA),22
5919803,Tsussie 6 (IRI),1
5919822,Cowichan (IRI),1
5921007,Nanaimo (CY),519
5921008,Lantzville (DM),19
5921010,Nanaimo A (RDA),25
5921014,Nanaimo B (RDA),50
5921016,Nanaimo C (RDA),20
5921018,Parksville (CY),94
5921023,Qualicum Beach (T),71
5921030,Nanaimo E (RDA),68
5921032,Nanaimo F (RDA),60
5921034,Nanaimo G (RDA),49
5921036,Nanaimo H (RDA),69
5921804,Nanaimo Town 1 (IRI),1
5923008,Port Alberni (CY),70
5923019,Ucluelet (DM),183
5923025,Tofino (DM),265
5923033,Alberni-Clayoquot B (RDA),6
5923035,Alberni-Clayoquot D (RDA),26
5923037,Alberni-Clayoquot E (RDA),3
5923039,Alberni-Clayoquot F (RDA),4
5923047,Alberni-Clayoquot A (RDA),5
5923049,Alberni-Clayoquot C (RDA),58
5923816,Tsahaheh 1 (IRI),1
5923823,Esowista 3 (IRI),1
5923825,Tin Wis 11 (IRI),1
5924025,Gold River (VL),4
5924029,Zeballos (VL),1
5924030,Tahsis (VL),8
5924034,Campbell River (CY),84
5924039,Sayward (VL),1
5924042,Strathcona D (Oyster Bay - Buttle Lake) (RDA),22
5924048,Strathcona A (RDA),17
5924052,Strathcona B (RDA),44
5924054,Strathcona C (RDA),69
5924804,Campbell River 11 (IRI),1
5926005,Comox (T),52
5926010,Courtenay (CY),84
5926014,Cumberland (VL),45
5926021,Comox Valley A (RDA),139
5926022,Comox Valley B (Lazo North) (RDA),60
5926024,Comox Valley C (Puntledge - Black Creek) (RDA),121
5926801,Comox 1 (IRI),2
5927008,Powell River (CY),58
5927010,Powell River A (RDA),48
5927012,Powell River B (RDA),8
5927016,Powell River C (RDA),29
5927018,Powell River D (RDA),5
5927020,Powell River E (RDA),6
5929005,Gibsons (T),60
5929011,Sechelt (DM),171
5929018,Sunshine Coast A (RDA),99
5929022,Sunshine Coast B (RDA),67
5929024,Sunshine Coast D (RDA),95
5929026,Sunshine Coast E (RDA),49
5929028,Sunshine Coast F (RDA),60
5929803,Sechelt (Part) (IGD),3
5931006,Squamish (DM),469
5931012,Pemberton (VL),46
5931017,Squamish-Lillooet C (RDA),90
5931020,Whistler (DM),2471
5931021,Squamish-Lillooet D (RDA),48
5931026,Lillooet (DM),20
5931032,Squamish-Lillooet A (RDA),9
5931034,Squamish-Lillooet B (RDA),10
5931801,Cheakamus 11 (IRI),2
5931802,Kowtain 17 (IRI),2
5931844,Nequatque (IRI),1
5933006,Merritt (CY),9
5933008,Thompson-Nicola M (Beautiful Nicola Valley - North) (RDA),3
5933012,Thompson-Nicola N (Beautiful Nicola Valley - South) (RDA),1
5933019,Ashcroft (VL),4
5933028,Clinton (VL),1
5933032,Thompson-Nicola E (Bonaparte Plateau) (RDA),15
5933035,Logan Lake (DM),1
5933037,Thompson-Nicola I (Blue Sky Country) (RDA),4
5933039,Thompson-Nicola J (Copper Desert Country) (RDA),13
5933042,Kamloops (CY),169
5933044,Thompson-Nicola P (Rivers and the Peaks) (RDA),30
5933045,Sun Peaks Mountain (VL),219
5933054,Chase (VL),2
5933060,Thompson-Nicola L (Grasslands) (RDA),11
5933067,Clearwater (DM),32
5933068,Thompson-Nicola A (Wells Gray Country) (RDA),18
5933070,Thompson-Nicola B (Thompson Headwaters) (RDA),10
5933072,Thompson-Nicola O (Lower North Thompson) (RDA),24
5933074,Barriere (DM),1
5933880,Kamloops 1 (IRI),7
5935010,Kelowna (CY),1470
5935012,Central Okanagan (RDA),52
5935016,Lake Country (DM),156
5935018,Peachland (DM),96
5935020,Central Okanagan J (RDA),123
5935029,West Kelowna (DM),324
5935801,Duck Lake 7 (IRI),10
5935802,Tsinstikeptum  9 (IRI),44
5935803,Tsinstikeptum 10 (IRI),20
5937005,Lumby (VL),2
5937010,Coldstream (DM),66
5937014,Vernon (CY),204
5937017,North Okanagan B (RDA),31
5937021,North Okanagan C (RDA),198
5937022,North Okanagan D (RDA),15
5937023,North Okanagan E (RDA),10
5937024,Spallumcheen (DM),14
5937028,Armstrong (CY),4
5937033,Enderby (CY),6
5937041,North Okanagan F (RDA),44
5937801,Okanagan (Part) 1 (IRI),2
5937802,Enderby 2 (IRI),1
5937803,Priest's Valley 6 (IRI),3
5939007,Golden (T),134
5939011,Columbia-Shuswap A (RDA),266
5939019,Revelstoke (CY),192
5939023,Columbia-Shuswap B (RDA),56
5939032,Salmon Arm (CY),75
5939037,Columbia-Shuswap C (RDA),163
5939039,Columbia-Shuswap D (RDA),18
5939043,Columbia-Shuswap E (RDA),44
5939044,Columbia-Shuswap F (RDA),79
5939045,Sicamous (DM),57
5939805,Quaaout 1 (IRI),6
5939806,Salmon River 1 (IRI),1
5939811,Switsemalph (IRI),2
5941005,One Hundred Mile House (DM),3
5941009,Williams Lake (CY),8
5941010,Cariboo D (RDA),2
5941012,Cariboo E (RDA),3
5941013,Quesnel (CY),5
5941014,Cariboo F (RDA),19
5941015,Cariboo G (RDA),29
5941016,Cariboo H (RDA),9
5941017,Cariboo L (RDA),37
5941019,Cariboo A (RDA),2
5941021,Cariboo B (RDA),6
5941025,Wells (DM),7
5941026,Cariboo C (RDA),3
5941027,Cariboo I (RDA),1
5941039,Cariboo J (RDA),24
5941041,Cariboo K (RDA),4
5941801,Alkali Lake 1 (IRI),1
5943008,Alert Bay (VL),8
5943012,Port McNeill (T),8
5943017,Port Alice (VL),12
5943023,Port Hardy (DM),25
5943027,Mount Waddington B (RDA),3
5943031,Mount Waddington C (RDA),27
5943033,Mount Waddington D (RDA),2
5943037,Mount Waddington A (RDA),15
5943804,Fort Rupert 1 (IRI),1
5943835,Nimpkish 2 (IRI),1
5945006,Central Coast A (RDA),3
5945010,Central Coast C (RDA),5
5945012,Central Coast D (RDA),5
5945802,Bella Coola 1 (IRI),1
5947007,Port Edward (DM),2
5947012,Prince Rupert (CY),32
5947023,Masset (VL),31
5947026,Queen Charlotte (VL),35
5947027,Skeena-Queen Charlotte D (RDA),27
5947030,Port Clements (VL),10
5947032,Skeena-Queen Charlotte E (RDA),8
5947804,Skidegate 1 (IRI),6
5949005,Kitimat (DM),15
5949011,Terrace (CY),15
5949013,Kitimat-Stikine C (Part 1) (RDA),12
5949018,Kitimat-Stikine E (RDA),24
5949020,Kitimat-Stikine C (Part 2) (RDA),2
5949022,Hazelton (VL),3
5949024,New Hazelton (DM),1
5949028,Kitimat-Stikine B (RDA),7
5949032,Stewart (DM),8
5949035,Nisga'a (NL),3
5949038,Kitimat-Stikine F (RDA),3
5949041,Kitimat-Stikine D (RDA),5
5949807,Kulspai 6 (IRI),1
5949818,Sik-e-dakh 2 (IRI),1
5951007,Vanderhoof (DM),3
5951013,Fort St. James (DM),1
5951015,Bulkley-Nechako C (RDA),5
5951017,Bulkley-Nechako D (RDA),1
5951019,Bulkley-Nechako F (RDA),3
5951028,Bulkley-Nechako B (RDA),1
5951031,Bulkley-Nechako E (RDA),4
5951032,Granisle (VL),1
5951034,Houston (DM),1
5951038,Telkwa (VL),8
5951043,Smithers (T),21
5951051,Bulkley-Nechako A (RDA),48
5951053,Bulkley-Nechako G (RDA),1
5953007,Valemount (VL),33
5953012,McBride (VL),4
5953019,Fraser-Fort George H (RDA),49
5953023,Prince George (CY),116
5953033,Mackenzie (DM),2
5953038,Fraser-Fort George A (RDA),1
5953042,Fraser-Fort George C (RDA),2
5953044,Fraser-Fort George D (RDA),4
5953050,Fraser-Fort George G (RDA),3
5955003,Tumbler Ridge (DM),4
5955010,Chetwynd (DM),1
5955014,Dawson Creek (CY),40
5955021,Peace River D (RDA),14
5955023,Peace River E (RDA),4
5955025,Hudson's Hope (DM),3
5955034,Fort St. John (CY),39
5955040,Peace River B (RDA),2
5955042,Peace River C (RDA),2
5957022,Stikine Region (RDA),8
5959007,Northern Rockies (RGM),10
5959810,Prophet River 4 (IRI),3
6001004,Faro (T),1
6001009,Whitehorse (CY),203
6001018,Haines Junction (VL),11
6001029,Dawson (T),26
6001036,Tagish (Sï¿½),2
6001044,Mt. Lorne (HAM),8
6001045,"Yukon, Unorganized (NO)",20
6001047,Johnsons Crossing (Sï¿½),4
6001048,Carcross (Sï¿½),1
6001055,Ibex Valley (HAM),5
6001058,Marsh Lake (NO),14
6001059,Macpherson-Grizzly Valley (NO),38
6001060,"Whitehorse, Unorganized (NO)",11
6101017,Inuvik (T),5
6102007,Norman Wells (T),3
6103031,Behchokò (CG),1
6104009,Fort Liard (HAM),1
6104038,Fort Simpson (VL),5
6104097,"Region 4, Unorganized (NO)",1
6105001,Fort Smith (T),1
6105016,Hay River (T),4
6105097,"Region 5, Unorganized (NO)",1
6106023,Yellowknife (CY),229
6106097,"Region 6, Unorganized (NO)",4
6204003,Iqaluit (CY),50
6204030,"Baffin, Unorganized (NO)",1
6205015,Arviat (HAM),5
6205017,Rankin Inlet (HAM),1
6205033,"Keewatin, Unorganized (NO)",1
6208059,Kugluktuk (HAM),2
6208073,Cambridge Bay (HAM),1
